-- phpMyAdmin SQL Dump
-- version 5.2.0
-- https://www.phpmyadmin.net/
--
-- Host: 127.0.0.1
-- Generation Time: May 14, 2025 at 05:21 AM
-- Server version: 10.4.27-MariaDB
-- PHP Version: 7.4.33

SET SQL_MODE = "NO_AUTO_VALUE_ON_ZERO";
START TRANSACTION;
SET time_zone = "+00:00";


/*!40101 SET @OLD_CHARACTER_SET_CLIENT=@@CHARACTER_SET_CLIENT */;
/*!40101 SET @OLD_CHARACTER_SET_RESULTS=@@CHARACTER_SET_RESULTS */;
/*!40101 SET @OLD_COLLATION_CONNECTION=@@COLLATION_CONNECTION */;
/*!40101 SET NAMES utf8mb4 */;

--
-- Database: `qragile`
--

-- --------------------------------------------------------

--
-- Table structure for table `categories`
--

CREATE TABLE `categories` (
  `id_cat` int(11) NOT NULL,
  `name` varchar(255) NOT NULL,
  `id_project` int(11) NOT NULL
) ENGINE=InnoDB DEFAULT CHARSET=utf8mb4 COLLATE=utf8mb4_general_ci;

--
-- Dumping data for table `categories`
--

INSERT INTO `categories` (`id_cat`, `name`, `id_project`) VALUES
(18, 'Compatibility', 43),
(19, 'Organizarion and Completeness', 45),
(20, 'Organizarion and Completeness', 46),
(21, 'Compatibility', 47),
(22, 'Correctness', 46),
(23, 'Quality Attributes', 46),
(24, 'Traceability', 46),
(25, 'Special Issues', 46),
(26, 'Testing', 43),
(28, 'Organizarion and Completeness', 52),
(29, 'Correctness', 52),
(30, 'Quality Attributes', 52),
(31, 'Traceability', 52),
(32, 'Special Issues', 52);

-- --------------------------------------------------------

--
-- Table structure for table `domain`
--

CREATE TABLE `domain` (
  `id_domain` int(11) NOT NULL,
  `type` varchar(110) NOT NULL,
  `nfr` text NOT NULL
) ENGINE=InnoDB DEFAULT CHARSET=utf8mb4 COLLATE=utf8mb4_general_ci;

--
-- Dumping data for table `domain`
--

INSERT INTO `domain` (`id_domain`, `type`, `nfr`) VALUES
(1, 'Banking and Finance ', 'Interoperability,Performance,Reliability,Scalability,Security,Usability,Interaction Capability'),
(3, 'Energy Resources ', 'Availability,Performance,Reliability,Safety,Usability,Interaction Capability\r\n'),
(4, 'Government and Military', 'Accuracy,Confidentiality,Performance,Privacy,Provability,Reusability,Security,Standardizability,Usability,Verifiability,Viability,Interaction Capability'),
(5, 'Insurance', 'Accuracy,Confidentiality,Integrity,Interoperability,Security,Usability,Interaction Capability'),
(6, 'Medical/Health Care', 'Communicativeness,Confidentiality,Integrity,Performance,Privacy,Reliability,Safety,Security,Traceability,Usability,Interaction Capability'),
(7, 'Telecommunication Service', 'Compatibility,Conformance,Dependability,Installability,Maintainability,Performance,Portability,Reliability,Usability,Interaction Capability'),
(8, 'Transportation', 'Accuracy,Availability,Compatibility,Completeness,Confidentiality,Dependability,Integrity,Performance,Safety,Security,Verifiability'),
(10, 'Education', 'Interoperability,Performance,Reliability,Scalability,Security,Usability,Interaction Capability');

-- --------------------------------------------------------

--
-- Table structure for table `fr`
--

CREATE TABLE `fr` (
  `id_fr` int(11) NOT NULL,
  `id_project` int(11) NOT NULL,
  `name` varchar(100) NOT NULL
) ENGINE=InnoDB DEFAULT CHARSET=utf8mb4 COLLATE=utf8mb4_general_ci;

--
-- Dumping data for table `fr`
--

INSERT INTO `fr` (`id_fr`, `id_project`, `name`) VALUES
(77, 43, 'Course Management'),
(78, 45, 'view account'),
(79, 46, 'Manage the research topic submission period'),
(80, 46, 'Propose the research topic'),
(81, 46, 'View the proposed research topic status'),
(82, 46, 'Take the acceptance research topic'),
(83, 46, 'Fill out the research logbook'),
(84, 46, 'View my logbook status'),
(85, 46, 'Submit a proposal or final review'),
(86, 46, 'View a proposal or final review status'),
(87, 46, 'Fill out the proposal or final review schedule'),
(88, 46, 'Accept or reject the research logbook'),
(89, 46, 'Add the number of supervising schedules'),
(90, 46, 'Accept or reject the proposal or final review submission'),
(92, 46, 'Add minutes of the proposal or final review'),
(93, 46, 'Add a mark to the proposal or final review'),
(94, 46, 'Update the proposal or final review revision status'),
(95, 46, 'Add the revision notes from the proposal or final review'),
(97, 46, 'Manage the schedule of the proposal or final review submission'),
(98, 46, 'Assign the supervisor and examiner to the student'),
(99, 46, 'Update the research title according to supervisor approval'),
(100, 46, 'Manage the research coordinator'),
(101, 46, 'Evaluate the proposed research topic'),
(102, 46, 'Assign the research topic to the student'),
(103, 46, 'Assign the lecturer to Kelompok Bidang Keahlian '),
(104, 43, 'Course Management - admin'),
(105, 43, 'Testing'),
(106, 47, 'Yasmin Nadhifa Umayro'),
(107, 48, 'kelola data transaksi'),
(108, 50, 'Pasien input data diri'),
(109, 51, 'testfunctional requirement'),
(110, 51, 'testing kedua'),
(111, 52, 'View Prospect Data'),
(112, 52, 'Create Prospect Data'),
(113, 52, 'Edit Prospect Data'),
(114, 52, 'Delete Prospect Data'),
(115, 52, 'Send Email Prospect'),
(116, 52, 'View Deals Data'),
(117, 52, 'Convert Lead to Deals'),
(118, 52, 'Update Progress Deals'),
(119, 52, 'Create Invoice Deals'),
(120, 52, 'Delete Deals Data'),
(124, 44, 'Test'),
(125, 69, 'sssss');

-- --------------------------------------------------------

--
-- Table structure for table `fr_user_story`
--

CREATE TABLE `fr_user_story` (
  `id_us_fr` int(11) NOT NULL,
  `id_fr` int(11) NOT NULL,
  `description` text NOT NULL,
  `id_project` int(11) NOT NULL
) ENGINE=InnoDB DEFAULT CHARSET=utf8mb4 COLLATE=utf8mb4_general_ci;

--
-- Dumping data for table `fr_user_story`
--

INSERT INTO `fr_user_story` (`id_us_fr`, `id_fr`, `description`, `id_project`) VALUES
(68, 77, 'Test\r\n', 43),
(69, 78, 'As a customer I want to view the account So that I know the amount of money', 45),
(70, 79, 'As a research coordinator\r\nI want to manage the research topic submission period\r\nSo that I know how many topics are proposed', 46),
(71, 80, 'As a student or lecturer\r\nI want to propose the research topic\r\nSo that I can check if the topic is accepted or rejected', 46),
(72, 81, 'As a student\r\nI want to view the proposed research topic status\r\nSo that I  know the topic is accepted or rejected', 46),
(73, 82, 'As a student\r\nI want to take the acceptance research topic\r\nSo that I can start my research', 46),
(74, 83, 'As a student\r\nI want to fill out the research logbook\r\nSo that I know the percentage of my supervising\r\n', 46),
(75, 84, 'As a student\r\nI want to view my logbook status\r\nSo that I can check which supervising logbook is accepted or rejected', 46),
(76, 85, 'As a student\r\nI want to submit a proposal or final review\r\nSo that I can continue the research procedure', 46),
(77, 86, 'As a student\r\nI want to view a proposal or final review status\r\nSo that I  know the review status is accepted or rejected', 46),
(78, 87, 'As a student\r\nI want to fill out the proposal or final review schedule\r\nSo that the reviewer can see the schedule\r\n', 46),
(79, 88, 'As a supervisor\r\nI want to accept or reject the research logbook\r\nSo that I know the student research progress ', 46),
(80, 89, 'As a supervisor\r\nI want to add the number of supervising schedules\r\nSo that the student can add the logbook more than once a week ', 46),
(81, 90, 'As a supervisor\r\nI want to accept or reject the proposal or final review submission\r\nSo that I know how many students have been accepted or rejected', 46),
(83, 92, 'As a supervisor or examiner\r\nI want to add minutes of the proposal or final review\r\nSo that the review process is documented', 46),
(84, 93, 'As a supervisor or examiner\r\nI want to add a mark to the proposal or final review\r\nSo that I know whether the review passes or fail', 46),
(85, 94, 'As a supervisor or examiner\r\nI want to update the proposal or final review revision status\r\nSo that I know whether the students finished the revision or not', 46),
(86, 95, 'As an examiner\r\nI want to add the revision notes from the proposal or final review\r\nSo that I know what should be corrected', 46),
(88, 97, 'As a BAAK\r\nI want to manage the schedule of the proposal or final review submission\r\nSo that I can check how many students submit the proposal or final review ', 46),
(89, 98, 'As a BAAK\r\nI want to assign the supervisor and examiner to the student\r\nSo that they can see their schedule', 46),
(90, 99, 'As a BAAK\r\nI want to update the research title according to supervisor approval\r\nSo that the supervisor and the student can see the updated title', 46),
(91, 100, 'As a BAAK\r\nI want to manage the research coordinator\r\nSo that I can know the person in charge for the students ', 46),
(92, 101, 'As a lecturer\r\nI want to evaluate the proposed research topic\r\nSo that I can see which one is accepted or rejected', 46),
(93, 102, 'As a lecturer\r\nI want to assign the research topic to the student\r\nSo that I can see the student in charge of my topic', 46),
(94, 103, 'As a Super Admin\r\nI want to assign the lecturer to Kelompok Bidang Keahlian \r\nSo that I can manage the lecturer\'s competencies', 46),
(95, 104, '', 43),
(96, 105, '', 43),
(97, 106, '', 47),
(98, 107, '', 48),
(99, 108, '', 50),
(100, 109, 'testing ', 51),
(101, 110, '', 51),
(102, 111, 'As a sales representative, I want to view prospect data so that I can see the customer candidates', 52),
(103, 112, 'As a sales representative, I want to add prospect data so that I can recap the prospect data', 52),
(104, 113, 'As a sales representative, I want to edit prospect data so that I can get the updated the prospect data', 52),
(105, 114, 'As a sales representative, I want to delete prospect data so that I can get the actual prospect data', 52),
(106, 115, 'As a sales representative, I want to send email to prospect so that I can send any information', 52),
(107, 116, 'As a sales representative, I want to view deals data so that I can see the customer information', 52),
(108, 117, 'As a sales representative, I want to convert leads data to deals so that I can see the number of customer', 52),
(109, 118, 'As a sales representative, I want to update progress deal so that I can see the updated customer', 52),
(110, 119, 'As a sales representative, I want to create invoice deals so that I can send the invoices to customer', 52),
(111, 120, 'As a sales representative, I want to delete deals data so that I can see the actual customer', 52),
(115, 124, '', 44),
(116, 125, '', 69);

-- --------------------------------------------------------

--
-- Table structure for table `iso`
--

CREATE TABLE `iso` (
  `id_iso` int(11) NOT NULL,
  `type` varchar(110) NOT NULL,
  `nfr` text NOT NULL
) ENGINE=InnoDB DEFAULT CHARSET=utf8mb4 COLLATE=utf8mb4_general_ci;

--
-- Dumping data for table `iso`
--

INSERT INTO `iso` (`id_iso`, `type`, `nfr`) VALUES
(10, 'Reliability', 'Faultlessness,Availability,Fault Tolerance,Recoverability'),
(11, 'Security', 'Confidentiality,Integrity,Non-repudiation,Accountability,Authenticity,Resistance'),
(12, 'Maintainability', 'Modularity,Reusability,Analysability,Modifiability,Testability'),
(13, 'Flexibility', 'Adaptability,Scalability,Installability,Replacebility'),
(14, 'Safety', 'Operational constraint,Risk identification,Fail safe,Hazard warning,Safe integration'),
(15, 'Suitability', 'Completeness, Correctness, Appropriateness'),
(16, 'Performance', 'Time Behavior,Resource Utilization,Capacity'),
(17, 'Compatibility', 'Co-existence,Interoperability'),
(18, 'Interaction Capability', 'Appropriateness Recognizability,Learnability,Operability,User Error Protection,User engagement,Inclusivity,User assistance,Self-descriptiveness');

-- --------------------------------------------------------

--
-- Table structure for table `log`
--

CREATE TABLE `log` (
  `id_log` int(11) NOT NULL,
  `id_user` int(11) NOT NULL,
  `action_type` varchar(100) NOT NULL,
  `action_desc` varchar(100) NOT NULL,
  `timestamp` datetime NOT NULL
) ENGINE=InnoDB DEFAULT CHARSET=utf8mb4 COLLATE=utf8mb4_general_ci;

--
-- Dumping data for table `log`
--

INSERT INTO `log` (`id_log`, `id_user`, `action_type`, `action_desc`, `timestamp`) VALUES
(917, 12, 'login', 'admin logged in', '2024-09-03 11:03:19'),
(918, 12, 'add', 'admin added user', '2024-09-03 11:03:59'),
(919, 12, 'logout', 'admin logged out', '2024-09-03 11:04:14'),
(920, 14, 'login', 'Uli logged in', '2024-09-03 11:07:45'),
(921, 14, 'update', 'Uli changed password', '2024-09-03 11:08:16'),
(922, 14, 'logout', 'Uli logged out', '2024-09-03 11:08:25'),
(923, 14, 'login', 'Uli logged in', '2024-09-03 11:12:56'),
(924, 14, 'logout', 'Uli logged out', '2024-09-03 11:13:22'),
(925, 14, 'login', 'Uli logged in', '2024-09-03 11:16:18'),
(926, 14, 'add', 'Uli added data project', '2024-09-03 11:19:06'),
(927, 14, 'add', 'Uli added data project', '2024-09-03 11:22:09'),
(928, 14, 'update', 'Uli updated data project', '2024-09-03 11:41:33'),
(929, 14, 'delete', 'Uli deleted data QR', '2024-09-03 11:42:32'),
(930, 14, 'add', 'Uli added data QR', '2024-09-03 11:50:20'),
(931, 14, 'add', 'Uli added data FR', '2024-09-03 11:53:27'),
(932, 14, 'update', 'Uli updated data FR', '2024-09-03 11:54:53'),
(933, 14, 'add', 'Uli added data mapping FRxQR', '2024-09-03 11:55:11'),
(934, 14, 'add', 'Uli added data mapping QRxQR', '2024-09-03 11:55:28'),
(935, 14, 'update', 'Uli updated data QR user story', '2024-09-03 11:57:34'),
(936, 14, 'update', 'Uli updated data FR user story', '2024-09-03 11:57:59'),
(937, 14, 'update', 'Uli updated data QR user story', '2024-09-03 11:58:59'),
(938, 14, 'update', 'Uli updated data QR user story', '2024-09-03 12:01:06'),
(939, 14, 'add', 'Uli added data category for validation', '2024-09-03 12:20:14'),
(940, 14, 'add', 'Uli added data question for validation', '2024-09-03 12:20:35'),
(941, 14, 'add', 'Uli added data validation', '2024-09-03 12:20:52'),
(942, 14, 'add', 'Uli added data validation', '2024-09-03 12:20:59'),
(943, 14, 'update', 'Uli confirmed NFR', '2024-09-03 12:22:48'),
(944, 14, 'logout', 'Uli logged out', '2024-09-03 12:25:13'),
(945, 14, 'login', 'Uli logged in', '2024-09-03 12:25:23'),
(946, 14, 'add', 'Uli added data mapping FRxQR', '2024-09-03 12:26:17'),
(947, 14, 'add', 'Uli added data mapping QRxQR', '2024-09-03 12:26:39'),
(948, 14, 'update', 'Uli confirmed NFR', '2024-09-03 12:29:23'),
(949, 12, 'login', 'admin logged in', '2024-09-04 14:15:42'),
(950, 12, 'add', 'admin added user', '2024-09-04 14:16:41'),
(951, 12, 'logout', 'admin logged out', '2024-09-04 14:16:48'),
(952, 15, 'login', 'Wahyudi logged in', '2024-09-04 14:17:15'),
(953, 15, 'add', 'Wahyudi added data project', '2024-09-04 14:17:40'),
(954, 15, 'add', 'Wahyudi added data FR', '2024-09-04 14:21:24'),
(955, 15, 'add', 'Wahyudi added data FR', '2024-09-04 14:21:56'),
(956, 15, 'add', 'Wahyudi added data FR', '2024-09-04 14:23:00'),
(957, 15, 'add', 'Wahyudi added data FR', '2024-09-04 14:23:22'),
(958, 15, 'add', 'Wahyudi added data FR', '2024-09-04 14:23:52'),
(959, 15, 'add', 'Wahyudi added data FR', '2024-09-04 14:24:16'),
(960, 15, 'add', 'Wahyudi added data FR', '2024-09-04 14:24:35'),
(961, 15, 'add', 'Wahyudi added data FR', '2024-09-04 14:25:00'),
(962, 15, 'update', 'Wahyudi updated data FR', '2024-09-04 14:25:27'),
(963, 15, 'add', 'Wahyudi added data FR', '2024-09-04 14:25:56'),
(964, 15, 'update', 'Wahyudi updated data FR', '2024-09-04 14:26:29'),
(965, 15, 'update', 'Wahyudi updated data FR', '2024-09-04 14:26:29'),
(966, 15, 'add', 'Wahyudi added data FR', '2024-09-04 14:28:09'),
(967, 15, 'add', 'Wahyudi added data FR', '2024-09-04 14:28:59'),
(968, 15, 'add', 'Wahyudi added data FR', '2024-09-04 14:29:40'),
(969, 15, 'add', 'Wahyudi added data FR', '2024-09-04 14:29:41'),
(970, 15, 'add', 'Wahyudi added data FR', '2024-09-04 14:30:16'),
(971, 15, 'add', 'Wahyudi added data FR', '2024-09-04 14:30:36'),
(972, 15, 'add', 'Wahyudi added data FR', '2024-09-04 14:31:00'),
(973, 15, 'add', 'Wahyudi added data FR', '2024-09-04 14:31:42'),
(974, 15, 'add', 'Wahyudi added data FR', '2024-09-04 14:31:45'),
(975, 15, 'delete', 'Wahyudi deleted data FR', '2024-09-04 14:32:09'),
(976, 15, 'add', 'Wahyudi added data FR', '2024-09-04 14:33:22'),
(977, 15, 'add', 'Wahyudi added data FR', '2024-09-04 14:34:27'),
(978, 15, 'add', 'Wahyudi added data FR', '2024-09-04 14:34:56'),
(979, 15, 'add', 'Wahyudi added data FR', '2024-09-04 14:35:21'),
(980, 15, 'add', 'Wahyudi added data FR', '2024-09-04 14:36:16'),
(981, 15, 'add', 'Wahyudi added data FR', '2024-09-04 14:36:55'),
(982, 15, 'add', 'Wahyudi added data FR', '2024-09-04 14:38:45'),
(983, 15, 'update', 'Wahyudi updated data FR user story', '2024-09-04 14:41:04'),
(984, 15, 'update', 'Wahyudi updated data FR', '2024-09-04 14:42:37'),
(985, 15, 'update', 'Wahyudi updated data FR user story', '2024-09-04 14:44:10'),
(986, 15, 'update', 'Wahyudi updated data FR user story', '2024-09-04 14:44:28'),
(987, 15, 'update', 'Wahyudi updated data FR', '2024-09-04 14:44:51'),
(988, 15, 'update', 'Wahyudi updated data FR user story', '2024-09-04 14:46:52'),
(989, 15, 'update', 'Wahyudi updated data FR user story', '2024-09-04 14:47:06'),
(990, 15, 'update', 'Wahyudi updated data FR user story', '2024-09-04 14:47:26'),
(991, 15, 'update', 'Wahyudi updated data FR user story', '2024-09-04 14:47:44'),
(992, 15, 'update', 'Wahyudi updated data FR user story', '2024-09-04 14:48:16'),
(993, 15, 'update', 'Wahyudi updated data FR user story', '2024-09-04 14:48:38'),
(994, 15, 'update', 'Wahyudi updated data FR user story', '2024-09-04 14:48:58'),
(995, 15, 'update', 'Wahyudi updated data FR user story', '2024-09-04 14:49:17'),
(996, 15, 'update', 'Wahyudi updated data FR user story', '2024-09-04 14:49:47'),
(997, 15, 'update', 'Wahyudi updated data FR user story', '2024-09-04 14:50:51'),
(998, 15, 'delete', 'Wahyudi deleted data FR', '2024-09-04 14:52:01'),
(999, 15, 'update', 'Wahyudi updated data FR user story', '2024-09-04 14:52:32'),
(1000, 15, 'update', 'Wahyudi updated data FR user story', '2024-09-04 14:54:43'),
(1001, 15, 'update', 'Wahyudi updated data FR user story', '2024-09-04 14:55:10'),
(1002, 15, 'update', 'Wahyudi updated data FR user story', '2024-09-04 14:56:52'),
(1003, 15, 'update', 'Wahyudi updated data FR user story', '2024-09-04 14:57:16'),
(1004, 15, 'update', 'Wahyudi updated data FR user story', '2024-09-04 14:57:34'),
(1005, 15, 'update', 'Wahyudi updated data FR user story', '2024-09-04 14:58:02'),
(1006, 15, 'update', 'Wahyudi updated data FR user story', '2024-09-04 15:03:16'),
(1007, 15, 'update', 'Wahyudi updated data FR user story', '2024-09-04 15:03:35'),
(1008, 15, 'update', 'Wahyudi updated data FR user story', '2024-09-04 15:04:16'),
(1009, 15, 'update', 'Wahyudi updated data FR user story', '2024-09-04 15:04:32'),
(1010, 15, 'update', 'Wahyudi updated data FR user story', '2024-09-04 15:04:51'),
(1011, 15, 'delete', 'Wahyudi deleted data QR', '2024-09-04 15:06:33'),
(1012, 15, 'add', 'Wahyudi added data mapping FRxQR', '2024-09-04 15:07:24'),
(1013, 15, 'add', 'Wahyudi added data mapping FRxQR', '2024-09-04 15:08:30'),
(1014, 15, 'add', 'Wahyudi added data mapping QRxQR', '2024-09-04 15:09:49'),
(1015, 15, 'update', 'Wahyudi updated data QR user story', '2024-09-04 15:17:32'),
(1016, 15, 'add', 'Wahyudi added data category for validation', '2024-09-04 15:18:43'),
(1017, 15, 'add', 'Wahyudi added data question for validation', '2024-09-04 15:18:59'),
(1018, 15, 'add', 'Wahyudi added data validation', '2024-09-04 15:19:08'),
(1019, 15, 'update', 'Wahyudi confirmed NFR', '2024-09-04 15:19:29'),
(1020, 15, 'delete', 'Wahyudi deleted data QR', '2024-09-04 15:36:50'),
(1021, 15, 'add', 'Wahyudi added data QR', '2024-09-04 15:37:24'),
(1022, 13, 'login', 'Yasmin logged in', '2024-09-04 23:06:16'),
(1023, 15, 'login', 'Wahyudi logged in', '2024-09-05 07:18:16'),
(1024, 15, 'update', 'Wahyudi updated data ISO type', '2024-09-05 07:29:40'),
(1025, 15, 'update', 'Wahyudi updated data ISO type', '2024-09-05 07:30:19'),
(1026, 15, 'update', 'Wahyudi updated data QR', '2024-09-05 07:32:48'),
(1027, 15, 'update', 'Wahyudi updated data QR', '2024-09-05 07:33:45'),
(1028, 15, 'update', 'Wahyudi updated data QR', '2024-09-05 07:34:13'),
(1029, 15, 'update', 'Wahyudi updated data ISO type', '2024-09-05 07:37:48'),
(1030, 15, 'update', 'Wahyudi updated data QR', '2024-09-05 07:38:10'),
(1031, 15, 'update', 'Wahyudi updated data QR', '2024-09-05 07:38:25'),
(1032, 15, 'update', 'Wahyudi updated data QR', '2024-09-05 07:38:45'),
(1033, 15, 'add', 'Wahyudi added data mapping FRxQR', '2024-09-05 09:10:57'),
(1034, 15, 'add', 'Wahyudi added data mapping FRxQR', '2024-09-05 09:18:26'),
(1035, 15, 'add', 'Wahyudi added data mapping FRxQR', '2024-09-05 09:31:23'),
(1036, 15, 'add', 'Wahyudi added data mapping FRxQR', '2024-09-05 09:39:40'),
(1037, 15, 'add', 'Wahyudi added data mapping FRxQR', '2024-09-05 09:48:22'),
(1038, 15, 'update', 'Wahyudi updated data QR user story', '2024-09-05 09:53:50'),
(1039, 15, 'login', 'Wahyudi logged in', '2024-09-05 12:36:17'),
(1040, 13, 'login', 'Yasmin logged in', '2024-09-05 15:04:20'),
(1041, 13, 'add', 'Yasmin added data QR', '2024-09-05 15:05:04'),
(1042, 13, 'add', 'Yasmin added data FR', '2024-09-05 15:05:11'),
(1043, 13, 'update', 'Yasmin updated data FR', '2024-09-05 15:05:21'),
(1044, 13, 'add', 'Yasmin added data mapping FRxQR', '2024-09-05 15:05:30'),
(1045, 13, 'add', 'Yasmin added data FR', '2024-09-05 15:05:35'),
(1046, 13, 'add', 'Yasmin added data mapping FRxQR', '2024-09-05 15:05:38'),
(1047, 13, 'add', 'Yasmin added data mapping FRxQR', '2024-09-05 15:27:00'),
(1048, 13, 'logout', 'Yasmin logged out', '2024-09-05 15:33:54'),
(1049, 12, 'login', 'admin logged in', '2024-09-05 15:34:00'),
(1050, 15, 'login', 'Wahyudi logged in', '2024-09-05 15:34:31'),
(1051, 12, 'logout', 'admin logged out', '2024-09-05 15:35:12'),
(1052, 13, 'login', 'Yasmin logged in', '2024-09-05 15:40:51'),
(1053, 13, 'add', 'Yasmin added data project', '2024-09-05 15:42:37'),
(1054, 13, 'add', 'Yasmin added data FR', '2024-09-05 15:42:49'),
(1055, 13, 'add', 'Yasmin added data mapping FRxQR', '2024-09-05 15:42:54'),
(1056, 13, 'add', 'Yasmin added data category for validation', '2024-09-05 15:43:07'),
(1057, 13, 'add', 'Yasmin added data question for validation', '2024-09-05 15:43:22'),
(1058, 13, 'add', 'Yasmin added data validation', '2024-09-05 15:43:27'),
(1059, 13, 'update', 'Yasmin confirmed NFR', '2024-09-05 15:43:46'),
(1060, 13, 'add', 'Yasmin added data mapping FRxQR', '2024-09-05 15:44:44'),
(1061, 15, 'login', 'Wahyudi logged in', '2024-09-09 12:16:31'),
(1062, 15, 'update', 'Wahyudi updated data QR user story', '2024-09-09 12:45:02'),
(1063, 15, 'update', 'Wahyudi updated data QR user story', '2024-09-09 12:45:36'),
(1064, 15, 'update', 'Wahyudi updated data QR user story', '2024-09-09 12:47:52'),
(1065, 15, 'update', 'Wahyudi updated data QR user story', '2024-09-09 12:48:20'),
(1066, 15, 'update', 'Wahyudi updated data QR user story', '2024-09-09 12:48:49'),
(1067, 15, 'update', 'Wahyudi updated data QR user story', '2024-09-09 12:49:09'),
(1068, 15, 'update', 'Wahyudi updated data QR user story', '2024-09-09 12:49:54'),
(1069, 15, 'update', 'Wahyudi updated data QR user story', '2024-09-09 12:51:00'),
(1070, 15, 'update', 'Wahyudi updated data QR user story', '2024-09-09 12:51:29'),
(1071, 15, 'login', 'Wahyudi logged in', '2024-09-09 15:13:48'),
(1072, 15, 'add', 'Wahyudi added data mapping FRxQR', '2024-09-09 15:15:09'),
(1073, 15, 'login', 'Wahyudi logged in', '2024-09-10 09:31:13'),
(1074, 12, 'login', 'admin logged in', '2024-09-10 11:17:41'),
(1075, 12, 'logout', 'admin logged out', '2024-09-10 11:17:56'),
(1076, 15, 'login', 'Wahyudi logged in', '2024-09-10 11:18:05'),
(1077, 12, 'login', 'admin logged in', '2024-09-10 11:27:54'),
(1078, 12, 'logout', 'admin logged out', '2024-09-10 11:28:33'),
(1079, 15, 'login', 'Wahyudi logged in', '2024-09-10 11:29:05'),
(1080, 15, 'add', 'Wahyudi added data project', '2024-09-10 11:31:29'),
(1081, 15, 'delete', 'Wahyudi deleted data QR', '2024-09-10 11:33:24'),
(1082, 15, 'delete', 'Wahyudi deleted data QR', '2024-09-10 11:33:37'),
(1083, 15, 'add', 'Wahyudi added data QR', '2024-09-10 11:33:58'),
(1084, 15, 'delete', 'Wahyudi deleted data QR', '2024-09-10 11:34:23'),
(1085, 15, 'delete', 'Wahyudi deleted data QR', '2024-09-10 11:34:35'),
(1086, 15, 'add', 'Wahyudi added data FR', '2024-09-10 11:35:12'),
(1087, 15, 'add', 'Wahyudi added data mapping FRxQR', '2024-09-10 11:35:42'),
(1088, 15, 'add', 'Wahyudi added data mapping QRxQR', '2024-09-10 11:36:44'),
(1089, 15, 'update', 'Wahyudi confirmed NFR', '2024-09-10 11:39:15'),
(1090, 15, 'logout', 'Wahyudi logged out', '2024-09-10 11:39:48'),
(1091, 15, 'login', 'Wahyudi logged in', '2024-09-10 13:08:38'),
(1092, 15, 'update', 'Wahyudi updated data QR user story', '2024-09-10 13:21:09'),
(1093, 15, 'update', 'Wahyudi updated data QR user story', '2024-09-10 13:22:01'),
(1094, 15, 'update', 'Wahyudi updated data QR user story', '2024-09-10 13:27:02'),
(1095, 15, 'update', 'Wahyudi updated data QR user story', '2024-09-10 13:27:44'),
(1096, 15, 'update', 'Wahyudi updated data QR user story', '2024-09-10 13:29:56'),
(1097, 15, 'update', 'Wahyudi updated data QR user story', '2024-09-10 13:33:49'),
(1098, 15, 'update', 'Wahyudi updated data QR user story', '2024-09-10 13:36:49'),
(1099, 15, 'update', 'Wahyudi updated data QR user story', '2024-09-10 13:38:16'),
(1100, 15, 'update', 'Wahyudi updated data QR user story', '2024-09-10 13:39:14'),
(1101, 15, 'update', 'Wahyudi updated data QR user story', '2024-09-10 13:39:55'),
(1102, 15, 'update', 'Wahyudi updated data QR user story', '2024-09-10 13:45:11'),
(1103, 15, 'update', 'Wahyudi updated data QR user story', '2024-09-10 13:45:48'),
(1104, 15, 'update', 'Wahyudi updated data QR user story', '2024-09-10 13:46:33'),
(1105, 15, 'update', 'Wahyudi updated data QR user story', '2024-09-10 13:47:28'),
(1106, 15, 'update', 'Wahyudi updated data QR user story', '2024-09-10 13:48:51'),
(1107, 15, 'update', 'Wahyudi updated data QR user story', '2024-09-10 13:49:41'),
(1108, 15, 'update', 'Wahyudi updated data QR user story', '2024-09-10 13:50:26'),
(1109, 15, 'update', 'Wahyudi updated data QR user story', '2024-09-10 13:54:32'),
(1110, 15, 'update', 'Wahyudi updated data QR user story', '2024-09-10 13:55:14'),
(1111, 15, 'update', 'Wahyudi updated data QR user story', '2024-09-10 13:55:48'),
(1112, 15, 'update', 'Wahyudi updated data QR user story', '2024-09-10 13:56:36'),
(1113, 15, 'update', 'Wahyudi updated data QR user story', '2024-09-10 13:57:26'),
(1114, 15, 'update', 'Wahyudi updated data QR user story', '2024-09-10 13:58:08'),
(1115, 15, 'update', 'Wahyudi updated data QR user story', '2024-09-10 13:58:59'),
(1116, 15, 'update', 'Wahyudi updated data QR user story', '2024-09-10 13:59:38'),
(1117, 15, 'update', 'Wahyudi updated data QR user story', '2024-09-10 14:00:14'),
(1118, 15, 'update', 'Wahyudi updated data QR user story', '2024-09-10 14:00:46'),
(1119, 15, 'update', 'Wahyudi updated data QR user story', '2024-09-10 14:01:27'),
(1120, 15, 'update', 'Wahyudi updated data QR user story', '2024-09-10 14:02:20'),
(1121, 15, 'update', 'Wahyudi updated data QR user story', '2024-09-10 14:03:06'),
(1122, 15, 'update', 'Wahyudi updated data QR user story', '2024-09-10 14:03:55'),
(1123, 15, 'update', 'Wahyudi updated data QR user story', '2024-09-10 14:04:33'),
(1124, 15, 'update', 'Wahyudi updated data QR user story', '2024-09-10 14:05:10'),
(1125, 15, 'update', 'Wahyudi updated data QR user story', '2024-09-10 14:09:10'),
(1126, 15, 'update', 'Wahyudi updated data QR user story', '2024-09-10 14:10:06'),
(1127, 15, 'update', 'Wahyudi updated data QR user story', '2024-09-10 14:10:57'),
(1128, 15, 'update', 'Wahyudi updated data QR user story', '2024-09-10 14:12:07'),
(1129, 15, 'update', 'Wahyudi updated data QR user story', '2024-09-10 14:13:31'),
(1130, 15, 'update', 'Wahyudi updated data QR user story', '2024-09-10 14:14:29'),
(1131, 15, 'update', 'Wahyudi updated data QR user story', '2024-09-10 14:15:29'),
(1132, 15, 'update', 'Wahyudi updated data QR user story', '2024-09-10 14:16:22'),
(1133, 15, 'update', 'Wahyudi updated data QR user story', '2024-09-10 14:18:21'),
(1134, 15, 'update', 'Wahyudi updated data QR user story', '2024-09-10 14:19:11'),
(1135, 15, 'update', 'Wahyudi updated data QR user story', '2024-09-10 14:20:57'),
(1136, 15, 'update', 'Wahyudi updated data QR user story', '2024-09-10 14:22:38'),
(1137, 15, 'update', 'Wahyudi updated data QR user story', '2024-09-10 14:23:26'),
(1138, 15, 'update', 'Wahyudi updated data QR user story', '2024-09-10 14:23:59'),
(1139, 15, 'update', 'Wahyudi updated data QR user story', '2024-09-10 14:24:46'),
(1140, 15, 'update', 'Wahyudi updated data QR user story', '2024-09-10 14:25:46'),
(1141, 15, 'update', 'Wahyudi updated data QR user story', '2024-09-10 14:27:29'),
(1142, 15, 'update', 'Wahyudi updated data QR user story', '2024-09-10 14:28:08'),
(1143, 15, 'update', 'Wahyudi updated data QR user story', '2024-09-10 14:30:15'),
(1144, 15, 'update', 'Wahyudi updated data QR user story', '2024-09-10 14:31:19'),
(1145, 15, 'update', 'Wahyudi updated data QR user story', '2024-09-10 14:32:50'),
(1146, 15, 'update', 'Wahyudi updated data QR user story', '2024-09-10 14:33:27'),
(1147, 15, 'update', 'Wahyudi updated data QR user story', '2024-09-10 14:34:12'),
(1148, 15, 'update', 'Wahyudi updated data QR user story', '2024-09-10 14:34:49'),
(1149, 15, 'update', 'Wahyudi updated data QR user story', '2024-09-10 14:36:07'),
(1150, 15, 'update', 'Wahyudi updated data QR user story', '2024-09-10 14:36:47'),
(1151, 15, 'update', 'Wahyudi updated data QR user story', '2024-09-10 14:37:25'),
(1152, 15, 'update', 'Wahyudi updated data QR user story', '2024-09-10 14:38:56'),
(1153, 15, 'update', 'Wahyudi updated data QR user story', '2024-09-10 14:40:04'),
(1154, 15, 'update', 'Wahyudi updated data QR user story', '2024-09-10 14:41:00'),
(1155, 15, 'update', 'Wahyudi updated data QR user story', '2024-09-10 14:42:23'),
(1156, 15, 'update', 'Wahyudi updated data QR user story', '2024-09-10 14:43:51'),
(1157, 15, 'update', 'Wahyudi updated data QR user story', '2024-09-10 14:49:52'),
(1158, 15, 'update', 'Wahyudi updated data QR user story', '2024-09-10 14:51:01'),
(1159, 15, 'update', 'Wahyudi updated data QR user story', '2024-09-10 14:51:56'),
(1160, 15, 'update', 'Wahyudi updated data QR user story', '2024-09-10 14:54:09'),
(1161, 15, 'update', 'Wahyudi updated data QR user story', '2024-09-10 14:55:11'),
(1162, 15, 'update', 'Wahyudi updated data QR user story', '2024-09-10 14:56:12'),
(1163, 15, 'update', 'Wahyudi updated data QR user story', '2024-09-10 14:57:29'),
(1164, 15, 'update', 'Wahyudi updated data QR user story', '2024-09-10 14:58:38'),
(1165, 15, 'update', 'Wahyudi updated data QR user story', '2024-09-10 14:59:40'),
(1166, 15, 'update', 'Wahyudi updated data QR user story', '2024-09-10 15:00:42'),
(1167, 15, 'update', 'Wahyudi updated data QR user story', '2024-09-10 15:01:27'),
(1168, 15, 'update', 'Wahyudi updated data QR user story', '2024-09-10 15:02:16'),
(1169, 15, 'update', 'Wahyudi updated data QR user story', '2024-09-10 15:03:27'),
(1170, 15, 'update', 'Wahyudi updated data QR user story', '2024-09-10 15:04:26'),
(1171, 15, 'update', 'Wahyudi updated data QR user story', '2024-09-10 15:05:52'),
(1172, 15, 'update', 'Wahyudi updated data QR user story', '2024-09-10 15:06:41'),
(1173, 15, 'update', 'Wahyudi updated data QR user story', '2024-09-10 15:12:12'),
(1174, 15, 'update', 'Wahyudi updated data QR user story', '2024-09-10 15:13:37'),
(1175, 15, 'update', 'Wahyudi updated data QR user story', '2024-09-10 15:14:32'),
(1176, 15, 'update', 'Wahyudi updated data QR user story', '2024-09-10 15:15:32'),
(1177, 15, 'update', 'Wahyudi updated data QR user story', '2024-09-10 15:16:57'),
(1178, 15, 'update', 'Wahyudi updated data QR user story', '2024-09-10 15:18:08'),
(1179, 15, 'update', 'Wahyudi updated data QR user story', '2024-09-10 15:19:42'),
(1180, 15, 'update', 'Wahyudi updated data QR user story', '2024-09-10 15:20:33'),
(1181, 15, 'update', 'Wahyudi updated data QR user story', '2024-09-10 15:21:34'),
(1182, 15, 'update', 'Wahyudi updated data QR user story', '2024-09-10 15:22:30'),
(1183, 15, 'update', 'Wahyudi updated data QR user story', '2024-09-10 15:23:29'),
(1184, 15, 'update', 'Wahyudi updated data QR user story', '2024-09-10 15:24:16'),
(1185, 15, 'update', 'Wahyudi updated data QR user story', '2024-09-10 15:25:10'),
(1186, 15, 'update', 'Wahyudi updated data QR user story', '2024-09-10 15:26:03'),
(1187, 15, 'update', 'Wahyudi updated data QR user story', '2024-09-10 15:41:33'),
(1188, 15, 'update', 'Wahyudi updated data QR user story', '2024-09-10 15:42:34'),
(1189, 15, 'update', 'Wahyudi updated data QR user story', '2024-09-10 15:43:25'),
(1190, 15, 'update', 'Wahyudi updated data QR user story', '2024-09-10 15:44:09'),
(1191, 15, 'update', 'Wahyudi updated data QR user story', '2024-09-10 15:44:53'),
(1192, 15, 'update', 'Wahyudi updated data QR user story', '2024-09-10 15:45:31'),
(1193, 15, 'update', 'Wahyudi updated data QR user story', '2024-09-10 15:46:27'),
(1194, 15, 'update', 'Wahyudi updated data QR user story', '2024-09-10 15:47:38'),
(1195, 15, 'login', 'Wahyudi logged in', '2024-09-11 09:41:01'),
(1196, 15, 'update', 'Wahyudi updated data QR user story', '2024-09-11 10:04:14'),
(1197, 15, 'update', 'Wahyudi updated data QR user story', '2024-09-11 10:07:57'),
(1198, 15, 'update', 'Wahyudi updated data QR user story', '2024-09-11 10:16:21'),
(1199, 15, 'update', 'Wahyudi updated data QR user story', '2024-09-11 10:17:19'),
(1200, 15, 'update', 'Wahyudi updated data QR user story', '2024-09-11 10:19:58'),
(1201, 15, 'update', 'Wahyudi updated data QR user story', '2024-09-11 10:20:32'),
(1202, 15, 'update', 'Wahyudi updated data QR user story', '2024-09-11 10:21:16'),
(1203, 15, 'update', 'Wahyudi updated data QR user story', '2024-09-11 10:21:56'),
(1204, 15, 'update', 'Wahyudi updated data QR user story', '2024-09-11 10:22:44'),
(1205, 15, 'update', 'Wahyudi updated data QR user story', '2024-09-11 10:23:53'),
(1206, 15, 'update', 'Wahyudi updated data QR user story', '2024-09-11 10:24:30'),
(1207, 15, 'update', 'Wahyudi updated data QR user story', '2024-09-11 10:25:08'),
(1208, 15, 'update', 'Wahyudi updated data QR user story', '2024-09-11 10:26:03'),
(1209, 15, 'update', 'Wahyudi updated data QR user story', '2024-09-11 10:27:08'),
(1210, 15, 'update', 'Wahyudi updated data QR user story', '2024-09-11 10:28:10'),
(1211, 15, 'update', 'Wahyudi updated data QR user story', '2024-09-11 10:29:27'),
(1212, 15, 'update', 'Wahyudi updated data QR user story', '2024-09-11 10:30:15'),
(1213, 15, 'update', 'Wahyudi updated data QR user story', '2024-09-11 10:31:17'),
(1214, 15, 'update', 'Wahyudi updated data QR user story', '2024-09-11 10:31:57'),
(1215, 15, 'update', 'Wahyudi updated data QR user story', '2024-09-11 10:32:35'),
(1216, 15, 'update', 'Wahyudi updated data QR user story', '2024-09-11 10:33:18'),
(1217, 15, 'update', 'Wahyudi updated data QR user story', '2024-09-11 10:34:21'),
(1218, 15, 'update', 'Wahyudi updated data QR user story', '2024-09-11 10:35:09'),
(1219, 15, 'update', 'Wahyudi updated data QR user story', '2024-09-11 10:35:47'),
(1220, 15, 'update', 'Wahyudi updated data QR user story', '2024-09-11 10:36:47'),
(1221, 15, 'update', 'Wahyudi updated data QR user story', '2024-09-11 10:39:39'),
(1222, 15, 'update', 'Wahyudi updated data QR user story', '2024-09-11 10:40:40'),
(1223, 15, 'update', 'Wahyudi updated data QR user story', '2024-09-11 10:41:29'),
(1224, 15, 'update', 'Wahyudi updated data QR user story', '2024-09-11 10:47:52'),
(1225, 15, 'update', 'Wahyudi updated data QR user story', '2024-09-11 10:49:14'),
(1226, 15, 'update', 'Wahyudi updated data QR user story', '2024-09-11 10:49:57'),
(1227, 15, 'update', 'Wahyudi updated data QR user story', '2024-09-11 10:50:52'),
(1228, 15, 'update', 'Wahyudi updated data QR user story', '2024-09-11 10:51:46'),
(1229, 15, 'update', 'Wahyudi updated data QR user story', '2024-09-11 10:52:40'),
(1230, 15, 'update', 'Wahyudi updated data QR user story', '2024-09-11 11:05:53'),
(1231, 15, 'update', 'Wahyudi updated data QR user story', '2024-09-11 11:06:50'),
(1232, 15, 'update', 'Wahyudi updated data QR user story', '2024-09-11 11:07:28'),
(1233, 15, 'update', 'Wahyudi updated data QR user story', '2024-09-11 11:08:28'),
(1234, 15, 'update', 'Wahyudi updated data QR user story', '2024-09-11 11:09:15'),
(1235, 15, 'update', 'Wahyudi updated data QR user story', '2024-09-11 11:09:47'),
(1236, 15, 'update', 'Wahyudi updated data QR user story', '2024-09-11 11:10:26'),
(1237, 15, 'update', 'Wahyudi updated data QR user story', '2024-09-11 11:11:03'),
(1238, 15, 'update', 'Wahyudi updated data QR user story', '2024-09-11 11:12:05'),
(1239, 15, 'update', 'Wahyudi updated data QR user story', '2024-09-11 11:12:52'),
(1240, 15, 'update', 'Wahyudi updated data QR user story', '2024-09-11 11:13:37'),
(1241, 15, 'update', 'Wahyudi updated data QR user story', '2024-09-11 11:18:28'),
(1242, 15, 'update', 'Wahyudi updated data QR user story', '2024-09-11 11:20:14'),
(1243, 15, 'update', 'Wahyudi updated data QR user story', '2024-09-11 11:20:51'),
(1244, 15, 'update', 'Wahyudi updated data QR user story', '2024-09-11 11:21:45'),
(1245, 15, 'update', 'Wahyudi updated data QR user story', '2024-09-11 11:22:44'),
(1246, 15, 'update', 'Wahyudi updated data QR user story', '2024-09-11 11:23:27'),
(1247, 15, 'update', 'Wahyudi updated data QR user story', '2024-09-11 11:24:45'),
(1248, 15, 'update', 'Wahyudi updated data QR user story', '2024-09-11 11:25:52'),
(1249, 15, 'update', 'Wahyudi updated data QR user story', '2024-09-11 11:26:52'),
(1250, 15, 'update', 'Wahyudi updated data QR user story', '2024-09-11 11:28:10'),
(1251, 15, 'update', 'Wahyudi updated data QR user story', '2024-09-11 11:28:56'),
(1252, 15, 'update', 'Wahyudi updated data QR user story', '2024-09-11 11:29:58'),
(1253, 15, 'update', 'Wahyudi updated data QR user story', '2024-09-11 11:32:55'),
(1254, 15, 'update', 'Wahyudi updated data QR user story', '2024-09-11 11:33:47'),
(1255, 15, 'update', 'Wahyudi updated data QR user story', '2024-09-11 11:35:43'),
(1256, 15, 'update', 'Wahyudi updated data QR user story', '2024-09-11 11:37:27'),
(1257, 15, 'update', 'Wahyudi updated data QR user story', '2024-09-11 11:38:34'),
(1258, 15, 'update', 'Wahyudi updated data QR user story', '2024-09-11 11:39:17'),
(1259, 15, 'update', 'Wahyudi updated data QR user story', '2024-09-11 11:40:28'),
(1260, 15, 'update', 'Wahyudi updated data QR user story', '2024-09-11 11:41:56'),
(1261, 15, 'update', 'Wahyudi updated data QR user story', '2024-09-11 11:47:03'),
(1262, 15, 'update', 'Wahyudi updated data QR user story', '2024-09-11 11:48:56'),
(1263, 15, 'update', 'Wahyudi updated data QR user story', '2024-09-11 11:52:23'),
(1264, 15, 'update', 'Wahyudi updated data QR user story', '2024-09-11 11:53:17'),
(1265, 15, 'update', 'Wahyudi updated data QR user story', '2024-09-11 11:54:17'),
(1266, 15, 'update', 'Wahyudi updated data QR user story', '2024-09-11 12:00:47'),
(1267, 15, 'update', 'Wahyudi updated data QR user story', '2024-09-11 12:01:39'),
(1268, 15, 'update', 'Wahyudi updated data QR user story', '2024-09-11 12:02:26'),
(1269, 15, 'update', 'Wahyudi updated data QR user story', '2024-09-11 12:03:53'),
(1270, 15, 'update', 'Wahyudi updated data QR user story', '2024-09-11 12:04:40'),
(1271, 15, 'update', 'Wahyudi updated data QR user story', '2024-09-11 12:05:41'),
(1272, 15, 'update', 'Wahyudi updated data QR user story', '2024-09-11 12:06:13'),
(1273, 15, 'update', 'Wahyudi updated data QR user story', '2024-09-11 12:08:57'),
(1274, 15, 'update', 'Wahyudi updated data QR user story', '2024-09-11 12:09:33'),
(1275, 15, 'update', 'Wahyudi updated data QR user story', '2024-09-11 12:12:39'),
(1276, 15, 'update', 'Wahyudi updated data QR user story', '2024-09-11 12:13:23'),
(1277, 15, 'login', 'Wahyudi logged in', '2024-09-11 13:56:56'),
(1278, 15, 'logout', 'Wahyudi logged out', '2024-09-11 13:58:06'),
(1279, 15, 'login', 'Wahyudi logged in', '2024-09-11 13:58:43'),
(1280, 15, 'update', 'Wahyudi updated data project', '2024-09-11 13:59:05'),
(1281, 15, 'logout', 'Wahyudi logged out', '2024-09-11 13:59:51'),
(1282, 12, 'login', 'admin logged in', '2024-09-11 13:59:54'),
(1283, 12, 'logout', 'admin logged out', '2024-09-11 14:00:34'),
(1284, 15, 'login', 'Wahyudi logged in', '2024-09-11 14:00:39'),
(1285, 15, 'update', 'Wahyudi confirmed NFR', '2024-09-11 14:20:19'),
(1286, 15, 'logout', 'Wahyudi logged out', '2024-09-11 14:45:23'),
(1287, 15, 'login', 'Wahyudi logged in', '2024-09-11 15:00:21'),
(1288, 15, 'add', 'Wahyudi added data mapping QRxQR', '2024-09-11 15:35:22'),
(1289, 15, 'add', 'Wahyudi added data mapping QRxQR', '2024-09-11 15:38:00'),
(1290, 13, 'login', 'Yasmin logged in', '2024-09-11 15:45:04'),
(1291, 15, 'login', 'Wahyudi logged in', '2024-09-12 11:06:01'),
(1292, 15, 'add', 'Wahyudi added data question for validation', '2024-09-12 11:27:57'),
(1293, 15, 'add', 'Wahyudi added data question for validation', '2024-09-12 11:31:48'),
(1294, 15, 'add', 'Wahyudi added data question for validation', '2024-09-12 11:32:11'),
(1295, 15, 'add', 'Wahyudi added data question for validation', '2024-09-12 11:32:36'),
(1296, 15, 'add', 'Wahyudi added data question for validation', '2024-09-12 11:33:12'),
(1297, 15, 'add', 'Wahyudi added data question for validation', '2024-09-12 11:33:40'),
(1298, 15, 'add', 'Wahyudi added data question for validation', '2024-09-12 11:34:09'),
(1299, 15, 'add', 'Wahyudi added data category for validation', '2024-09-12 11:34:31'),
(1300, 15, 'add', 'Wahyudi added data question for validation', '2024-09-12 11:34:59'),
(1301, 15, 'add', 'Wahyudi added data question for validation', '2024-09-12 11:35:26'),
(1302, 15, 'add', 'Wahyudi added data question for validation', '2024-09-12 11:35:49'),
(1303, 15, 'add', 'Wahyudi added data question for validation', '2024-09-12 11:36:05'),
(1304, 15, 'add', 'Wahyudi added data question for validation', '2024-09-12 11:36:21'),
(1305, 15, 'add', 'Wahyudi added data question for validation', '2024-09-12 11:36:40'),
(1306, 15, 'add', 'Wahyudi added data question for validation', '2024-09-12 11:37:07'),
(1307, 15, 'add', 'Wahyudi added data category for validation', '2024-09-12 11:37:50'),
(1308, 15, 'add', 'Wahyudi added data question for validation', '2024-09-12 11:38:45'),
(1309, 15, 'add', 'Wahyudi added data question for validation', '2024-09-12 11:39:31'),
(1310, 15, 'add', 'Wahyudi added data question for validation', '2024-09-12 11:39:48'),
(1311, 15, 'login', 'Wahyudi logged in', '2024-09-12 12:25:12'),
(1312, 15, 'add', 'Wahyudi added data category for validation', '2024-09-12 12:26:06'),
(1313, 15, 'add', 'Wahyudi added data question for validation', '2024-09-12 12:26:26'),
(1314, 15, 'add', 'Wahyudi added data question for validation', '2024-09-12 12:26:47'),
(1315, 15, 'add', 'Wahyudi added data category for validation', '2024-09-12 12:27:05'),
(1316, 15, 'add', 'Wahyudi added data question for validation', '2024-09-12 12:27:39'),
(1317, 15, 'add', 'Wahyudi added data question for validation', '2024-09-12 12:27:55'),
(1318, 15, 'add', 'Wahyudi added data question for validation', '2024-09-12 12:28:33'),
(1319, 15, 'add', 'Wahyudi added data question for validation', '2024-09-12 12:28:50'),
(1320, 13, 'login', 'Yasmin logged in', '2024-09-21 21:53:47'),
(1321, 12, 'login', 'admin logged in', '2024-10-03 00:22:53'),
(1322, 12, 'add', 'admin added user', '2024-10-03 00:23:09'),
(1323, 12, 'logout', 'admin logged out', '2024-10-03 00:23:14'),
(1324, 12, 'login', 'admin logged in', '2024-10-03 00:23:24'),
(1325, 12, 'logout', 'admin logged out', '2024-10-03 00:23:40'),
(1326, 12, 'login', 'admin logged in', '2024-10-03 00:23:51'),
(1327, 12, 'logout', 'admin logged out', '2024-10-03 00:23:59'),
(1328, 12, 'login', 'admin logged in', '2024-10-03 00:24:05'),
(1329, 12, 'delete', 'admin deleted data user', '2024-10-03 00:24:11'),
(1330, 12, 'add', 'admin added user', '2024-10-03 00:24:21'),
(1331, 12, 'logout', 'admin logged out', '2024-10-03 00:24:30'),
(1332, 12, 'login', 'admin logged in', '2024-10-03 00:25:04'),
(1333, 12, 'delete', 'admin deleted data user', '2024-10-03 00:25:11'),
(1334, 12, 'add', 'admin added user', '2024-10-03 00:25:20'),
(1335, 12, 'logout', 'admin logged out', '2024-10-03 00:25:22'),
(1336, 18, 'login', '3242343242 logged in', '2024-10-03 00:25:49'),
(1337, 18, 'add', '3242343242 added data project', '2024-10-03 00:25:59'),
(1338, 15, 'login', 'Wahyudi logged in', '2024-10-10 13:00:50'),
(1339, 15, 'login', 'Wahyudi logged in', '2024-10-11 08:27:28'),
(1340, 15, 'add', 'Wahyudi added data project', '2024-10-11 09:18:29'),
(1341, 15, 'add', 'Wahyudi added data FR', '2024-10-11 09:21:07'),
(1342, 15, 'add', 'Wahyudi added data mapping FRxQR', '2024-10-11 09:23:17'),
(1343, 15, 'add', 'Wahyudi added data mapping FRxQR', '2024-10-11 09:24:39'),
(1344, 15, 'update', 'Wahyudi updated data QR user story', '2024-10-11 09:26:03'),
(1345, 15, 'update', 'Wahyudi updated data QR user story', '2024-10-11 09:27:17'),
(1346, 15, 'update', 'Wahyudi confirmed NFR', '2024-10-11 09:31:39'),
(1347, 15, 'update', 'Wahyudi confirmed NFR', '2024-10-11 09:56:28'),
(1348, 12, 'login', 'admin logged in', '2024-10-13 20:37:45'),
(1349, 12, 'logout', 'admin logged out', '2024-10-13 20:45:53'),
(1350, 12, 'login', 'admin logged in', '2024-10-13 20:47:40'),
(1351, 15, 'login', 'Wahyudi logged in', '2024-10-17 08:39:56'),
(1352, 12, 'login', 'admin logged in', '2024-10-17 10:00:34'),
(1353, 12, 'logout', 'admin logged out', '2024-10-17 10:01:03'),
(1354, 15, 'login', 'Wahyudi logged in', '2024-10-17 11:00:43'),
(1355, 15, 'login', 'Wahyudi logged in', '2024-10-19 21:20:40'),
(1356, 15, 'add', 'Wahyudi added data project', '2024-10-19 21:21:38'),
(1357, 15, 'add', 'Wahyudi added data QR', '2024-10-19 21:22:32'),
(1358, 15, 'delete', 'Wahyudi deleted data QR', '2024-10-19 21:22:41'),
(1359, 15, 'logout', 'Wahyudi logged out', '2024-10-19 21:34:43'),
(1360, 12, 'login', 'admin logged in', '2024-10-19 21:34:52'),
(1361, 12, 'logout', 'admin logged out', '2024-10-19 21:41:49'),
(1362, 15, 'login', 'Wahyudi logged in', '2024-10-19 21:41:59'),
(1363, 15, 'add', 'Wahyudi added data FR', '2024-10-19 22:12:06'),
(1364, 15, 'add', 'Wahyudi added data mapping FRxQR', '2024-10-19 22:12:27'),
(1365, 15, 'add', 'Wahyudi added data mapping QRxQR', '2024-10-19 22:12:54'),
(1366, 15, 'add', 'Wahyudi added data mapping FRxQR', '2024-10-19 22:29:44'),
(1367, 15, 'login', 'Wahyudi logged in', '2024-10-20 00:01:34'),
(1368, 15, 'add', 'Wahyudi added data mapping QRxQR', '2024-10-20 00:01:58'),
(1369, 15, 'login', 'Wahyudi logged in', '2024-10-20 09:30:53'),
(1370, 15, 'login', 'Wahyudi logged in', '2024-10-20 14:14:05'),
(1371, 15, 'login', 'Wahyudi logged in', '2024-10-20 16:21:47'),
(1372, 15, 'update', 'Wahyudi updated data FR user story', '2024-10-20 16:23:52'),
(1373, 15, 'update', 'Wahyudi updated data QR user story', '2024-10-20 16:24:12'),
(1374, 15, 'add', 'Wahyudi added data QR', '2024-10-20 16:27:02'),
(1375, 15, 'add', 'Wahyudi added data FR', '2024-10-20 16:27:25'),
(1376, 15, 'add', 'Wahyudi added data mapping FRxQR', '2024-10-20 16:27:42'),
(1377, 15, 'add', 'Wahyudi added data mapping QRxQR', '2024-10-20 16:28:07'),
(1378, 15, 'add', 'Wahyudi added data category for validation', '2024-10-20 16:37:51'),
(1379, 15, 'add', 'Wahyudi added data question for validation', '2024-10-20 16:38:13'),
(1380, 15, 'add', 'Wahyudi added data validation', '2024-10-20 16:39:29'),
(1381, 15, 'add', 'Wahyudi added data QR', '2024-10-20 17:11:30'),
(1382, 15, 'delete', 'Wahyudi deleted data QR', '2024-10-20 17:11:41'),
(1383, 15, 'logout', 'Wahyudi logged out', '2024-10-20 17:32:38'),
(1384, 15, 'login', 'Wahyudi logged in', '2024-10-21 08:55:13'),
(1385, 12, 'login', 'admin logged in', '2024-10-21 09:39:19'),
(1386, 12, 'login', 'admin logged in', '2024-10-21 09:40:33'),
(1387, 12, 'logout', 'admin logged out', '2024-10-21 09:42:26'),
(1388, 15, 'login', 'Wahyudi logged in', '2024-10-21 09:44:01'),
(1389, 15, 'login', 'Wahyudi logged in', '2024-10-21 10:33:18'),
(1390, 15, 'logout', 'Wahyudi logged out', '2024-10-21 11:06:43'),
(1391, 15, 'logout', 'Wahyudi logged out', '2024-10-21 12:12:09'),
(1392, 15, 'login', 'Wahyudi logged in', '2024-10-21 13:01:48'),
(1393, 15, 'login', 'Wahyudi logged in', '2024-10-21 14:56:41'),
(1394, 15, 'login', 'Wahyudi logged in', '2024-10-21 15:12:32'),
(1395, 15, 'login', 'Wahyudi logged in', '2024-10-28 12:09:01'),
(1396, 15, 'login', 'Wahyudi logged in', '2024-12-17 10:13:39'),
(1397, 15, 'login', 'Wahyudi logged in', '2024-12-17 14:46:30'),
(1398, 15, 'login', 'Wahyudi logged in', '2024-12-21 06:01:19'),
(1399, 15, 'login', 'Wahyudi logged in', '2024-12-26 08:54:00'),
(1400, 15, 'login', 'Wahyudi logged in', '2024-12-26 15:33:21'),
(1401, 15, 'add', 'Wahyudi added data project', '2024-12-26 15:33:54'),
(1402, 15, 'update', 'Wahyudi updated data project', '2024-12-26 15:39:55'),
(1403, 15, 'add', 'Wahyudi added data FR', '2024-12-26 15:40:23'),
(1404, 15, 'update', 'Wahyudi updated data FR', '2024-12-26 15:43:52'),
(1405, 15, 'add', 'Wahyudi added data FR', '2024-12-26 15:44:36'),
(1406, 15, 'add', 'Wahyudi added data FR', '2024-12-26 15:45:21'),
(1407, 15, 'update', 'Wahyudi updated data FR', '2024-12-26 15:45:45'),
(1408, 15, 'add', 'Wahyudi added data FR', '2024-12-26 15:45:55'),
(1409, 15, 'add', 'Wahyudi added data FR', '2024-12-26 15:46:02'),
(1410, 15, 'add', 'Wahyudi added data FR', '2024-12-26 15:46:40'),
(1411, 15, 'add', 'Wahyudi added data FR', '2024-12-26 15:47:28'),
(1412, 15, 'add', 'Wahyudi added data FR', '2024-12-26 15:48:04'),
(1413, 15, 'add', 'Wahyudi added data FR', '2024-12-26 15:48:30'),
(1414, 15, 'add', 'Wahyudi added data FR', '2024-12-26 15:48:47'),
(1415, 15, 'login', 'Wahyudi logged in', '2025-01-06 08:29:57'),
(1416, 15, 'login', 'Wahyudi logged in', '2025-01-06 08:31:48'),
(1417, 15, 'add', 'Wahyudi added data mapping FRxQR', '2025-01-06 08:38:49'),
(1418, 15, 'add', 'Wahyudi added data mapping FRxQR', '2025-01-06 08:39:53'),
(1419, 15, 'add', 'Wahyudi added data mapping QRxQR', '2025-01-06 08:44:57'),
(1420, 15, 'login', 'Wahyudi logged in', '2025-01-06 11:17:26'),
(1421, 15, 'login', 'Wahyudi logged in', '2025-01-07 08:40:48'),
(1422, 15, 'login', 'Wahyudi logged in', '2025-01-07 15:06:09'),
(1423, 15, 'add', 'Wahyudi added data mapping FRxQR', '2025-01-07 15:13:14'),
(1424, 15, 'login', 'Wahyudi logged in', '2025-01-07 15:46:02'),
(1425, 15, 'login', 'Wahyudi logged in', '2025-01-07 15:46:25'),
(1426, 15, 'delete', 'Wahyudi deleted data QR', '2025-01-07 15:47:48'),
(1427, 15, 'add', 'Wahyudi added data QR', '2025-01-07 15:48:07'),
(1428, 15, 'login', 'Wahyudi logged in', '2025-01-08 08:29:11'),
(1429, 15, 'login', 'Wahyudi logged in', '2025-01-09 09:54:13'),
(1430, 15, 'login', 'Wahyudi logged in', '2025-01-09 10:25:49'),
(1431, 15, 'add', 'Wahyudi added data category for validation', '2025-01-09 10:35:59'),
(1432, 15, 'delete', 'Wahyudi deleted data category', '2025-01-09 10:36:18'),
(1433, 15, 'add', 'Wahyudi added data category for validation', '2025-01-09 10:36:26'),
(1434, 15, 'add', 'Wahyudi added data category for validation', '2025-01-09 10:36:40'),
(1435, 15, 'add', 'Wahyudi added data category for validation', '2025-01-09 10:37:01'),
(1436, 15, 'add', 'Wahyudi added data category for validation', '2025-01-09 10:37:14'),
(1437, 15, 'add', 'Wahyudi added data category for validation', '2025-01-09 10:37:44'),
(1438, 15, 'login', 'Wahyudi logged in', '2025-01-09 11:31:16'),
(1439, 15, 'add', 'Wahyudi added data question for validation', '2025-01-09 12:01:06'),
(1440, 15, 'add', 'Wahyudi added data question for validation', '2025-01-09 12:01:47'),
(1441, 15, 'add', 'Wahyudi added data question for validation', '2025-01-09 12:02:31'),
(1442, 15, 'add', 'Wahyudi added data question for validation', '2025-01-09 12:03:15'),
(1443, 15, 'add', 'Wahyudi added data question for validation', '2025-01-09 12:04:03'),
(1444, 15, 'add', 'Wahyudi added data question for validation', '2025-01-09 12:04:28'),
(1445, 15, 'add', 'Wahyudi added data question for validation', '2025-01-09 12:04:52'),
(1446, 15, 'add', 'Wahyudi added data question for validation', '2025-01-09 12:05:27'),
(1447, 15, 'add', 'Wahyudi added data question for validation', '2025-01-09 12:05:47'),
(1448, 15, 'add', 'Wahyudi added data question for validation', '2025-01-09 12:07:15'),
(1449, 15, 'add', 'Wahyudi added data question for validation', '2025-01-09 12:07:41'),
(1450, 15, 'add', 'Wahyudi added data question for validation', '2025-01-09 12:08:06'),
(1451, 15, 'add', 'Wahyudi added data question for validation', '2025-01-09 12:08:44'),
(1452, 15, 'add', 'Wahyudi added data question for validation', '2025-01-09 12:09:06'),
(1453, 15, 'add', 'Wahyudi added data question for validation', '2025-01-09 12:09:23'),
(1454, 15, 'add', 'Wahyudi added data question for validation', '2025-01-09 12:10:09'),
(1455, 15, 'add', 'Wahyudi added data question for validation', '2025-01-09 12:10:42'),
(1456, 15, 'add', 'Wahyudi added data question for validation', '2025-01-09 12:11:09'),
(1457, 15, 'add', 'Wahyudi added data question for validation', '2025-01-09 12:11:36'),
(1458, 15, 'add', 'Wahyudi added data question for validation', '2025-01-09 12:12:39'),
(1459, 15, 'add', 'Wahyudi added data question for validation', '2025-01-09 12:13:08'),
(1460, 15, 'add', 'Wahyudi added data question for validation', '2025-01-09 12:13:38'),
(1461, 15, 'add', 'Wahyudi added data question for validation', '2025-01-09 12:14:13'),
(1462, 15, 'add', 'Wahyudi added data question for validation', '2025-01-09 12:15:02'),
(1463, 15, 'delete', 'Wahyudi deleted data question for validation', '2025-01-09 12:16:30'),
(1464, 15, 'add', 'Wahyudi added data question for validation', '2025-01-09 12:16:49'),
(1465, 15, 'delete', 'Wahyudi deleted data question for validation', '2025-01-09 12:21:21'),
(1466, 15, 'add', 'Wahyudi added data question for validation', '2025-01-09 12:21:51'),
(1467, 15, 'add', 'Wahyudi added data validation', '2025-01-09 12:28:18'),
(1468, 15, 'add', 'Wahyudi added data validation', '2025-01-09 12:31:06'),
(1469, 15, 'login', 'Wahyudi logged in', '2025-01-13 07:11:24'),
(1470, 15, 'login', 'Wahyudi logged in', '2025-01-13 10:15:29'),
(1471, 15, 'login', 'Wahyudi logged in', '2025-01-14 08:34:59'),
(1472, 13, 'login', 'Yasmin logged in', '2025-01-14 15:00:19'),
(1473, 13, 'logout', 'Yasmin logged out', '2025-01-14 15:12:45'),
(1474, 12, 'login', 'admin logged in', '2025-01-14 15:12:54'),
(1475, 12, 'logout', 'admin logged out', '2025-01-14 15:13:26'),
(1476, 15, 'login', 'Wahyudi logged in', '2025-01-14 15:14:16'),
(1477, 15, 'login', 'Wahyudi logged in', '2025-01-15 07:11:35'),
(1478, 15, 'login', 'Wahyudi logged in', '2025-01-15 08:46:44'),
(1479, 15, 'login', 'Wahyudi logged in', '2025-01-15 09:21:06'),
(1480, 15, 'login', 'Wahyudi logged in', '2025-01-15 09:28:29'),
(1481, 15, 'login', 'Wahyudi logged in', '2025-01-15 10:15:29'),
(1482, 15, 'add', 'Wahyudi added data project', '2025-01-15 10:17:33'),
(1483, 15, 'login', 'Wahyudi logged in', '2025-01-15 10:27:35'),
(1484, 15, 'login', 'Wahyudi logged in', '2025-01-15 10:27:38'),
(1485, 15, 'login', 'Wahyudi logged in', '2025-01-15 10:27:38'),
(1486, 15, 'login', 'Wahyudi logged in', '2025-01-15 10:28:30'),
(1487, 15, 'login', 'Wahyudi logged in', '2025-01-15 10:29:10'),
(1488, 15, 'update', 'Wahyudi updated data FR', '2025-01-15 10:40:26'),
(1489, 15, 'login', 'Wahyudi logged in', '2025-01-15 10:41:57'),
(1490, 15, 'add', 'Wahyudi added data mapping FRxQR', '2025-01-15 10:49:47'),
(1491, 15, 'add', 'Wahyudi added data mapping FRxQR', '2025-01-15 10:50:35'),
(1492, 15, 'add', 'Wahyudi added data mapping FRxQR', '2025-01-15 10:50:37'),
(1493, 15, 'add', 'Wahyudi added data mapping FRxQR', '2025-01-15 10:50:37'),
(1494, 15, 'add', 'Wahyudi added data mapping FRxQR', '2025-01-15 10:56:54'),
(1495, 15, 'login', 'Wahyudi logged in', '2025-01-15 10:56:57'),
(1496, 15, 'login', 'Wahyudi logged in', '2025-01-15 10:56:58'),
(1497, 15, 'add', 'Wahyudi added data mapping FRxQR', '2025-01-15 10:57:05'),
(1498, 15, 'add', 'Wahyudi added data mapping FRxQR', '2025-01-15 11:00:19'),
(1499, 15, 'add', 'Wahyudi added data mapping FRxQR', '2025-01-15 11:00:39'),
(1500, 15, 'add', 'Wahyudi added data mapping FRxQR', '2025-01-15 11:01:16'),
(1501, 15, 'add', 'Wahyudi added data mapping FRxQR', '2025-01-15 11:01:20'),
(1502, 15, 'add', 'Wahyudi added data mapping FRxQR', '2025-01-15 11:01:27'),
(1503, 15, 'add', 'Wahyudi added data mapping FRxQR', '2025-01-15 11:09:30'),
(1504, 15, 'add', 'Wahyudi added data mapping QRxQR', '2025-01-15 11:13:41'),
(1505, 15, 'add', 'Wahyudi added data mapping QRxQR', '2025-01-15 11:22:05'),
(1506, 15, 'update', 'Wahyudi updated data FR user story', '2025-01-15 11:24:03'),
(1507, 15, 'update', 'Wahyudi updated data QR user story', '2025-01-15 11:25:54'),
(1508, 15, 'add', 'Wahyudi added data mapping FRxQR', '2025-01-15 11:28:59'),
(1509, 15, 'update', 'Wahyudi updated data FR user story', '2025-01-15 11:31:03'),
(1510, 15, 'add', 'Wahyudi added data mapping FRxQR', '2025-01-15 11:34:05'),
(1511, 15, 'add', 'Wahyudi added data mapping FRxQR', '2025-01-15 11:34:06'),
(1512, 15, 'add', 'Wahyudi added data mapping FRxQR', '2025-01-15 11:34:07'),
(1513, 15, 'update', 'Wahyudi confirmed NFR', '2025-01-15 11:38:42'),
(1514, 15, 'update', 'Wahyudi updated data QR user story', '2025-01-15 11:40:00'),
(1515, 15, 'update', 'Wahyudi updated data QR user story', '2025-01-15 11:41:04'),
(1516, 15, 'update', 'Wahyudi updated data QR user story', '2025-01-15 11:43:12'),
(1517, 15, 'update', 'Wahyudi updated data QR user story', '2025-01-15 11:50:54'),
(1518, 15, 'login', 'Wahyudi logged in', '2025-01-17 09:17:02'),
(1519, 15, 'login', 'Wahyudi logged in', '2025-01-20 12:36:21'),
(1520, 15, 'login', 'Wahyudi logged in', '2025-01-21 13:13:23'),
(1521, 13, 'login', 'Yasmin logged in', '2025-01-23 09:14:25'),
(1522, 15, 'login', 'Wahyudi logged in', '2025-01-23 09:15:23'),
(1523, 13, 'logout', 'Yasmin logged out', '2025-01-23 09:16:45'),
(1524, 15, 'login', 'Wahyudi logged in', '2025-02-04 07:04:51'),
(1525, 15, 'update', 'Wahyudi updated data FR', '2025-02-04 08:29:09'),
(1526, 15, 'update', 'Wahyudi updated data FR', '2025-02-04 08:29:43'),
(1527, 15, 'update', 'Wahyudi updated data FR', '2025-02-04 08:30:15'),
(1528, 15, 'update', 'Wahyudi updated data FR', '2025-02-04 08:30:36'),
(1529, 15, 'update', 'Wahyudi updated data FR', '2025-02-04 08:31:01'),
(1530, 15, 'add', 'Wahyudi added data mapping FRxQR', '2025-02-04 08:33:47'),
(1531, 15, 'update', 'Wahyudi updated data FR user story', '2025-02-04 08:36:56'),
(1532, 15, 'update', 'Wahyudi updated data FR user story', '2025-02-04 08:37:28'),
(1533, 15, 'login', 'Wahyudi logged in', '2025-02-04 18:12:20'),
(1534, 15, 'login', 'Wahyudi logged in', '2025-02-05 04:55:25'),
(1535, 15, 'update', 'Wahyudi updated data QR decision', '2025-02-05 05:13:31'),
(1536, 15, 'update', 'Wahyudi updated data QR decision', '2025-02-05 05:20:18'),
(1537, 15, 'login', 'Wahyudi logged in', '2025-02-08 17:01:53'),
(1538, 15, 'add', 'Wahyudi added data mapping FRxQR', '2025-02-08 17:04:54'),
(1539, 15, 'add', 'Wahyudi added data mapping QRxQR', '2025-02-08 17:13:17'),
(1540, 15, 'add', 'Wahyudi added data mapping QRxQR', '2025-02-08 17:13:48'),
(1541, 15, 'update', 'Wahyudi updated data FR', '2025-02-08 17:16:49'),
(1542, 15, 'update', 'Wahyudi updated data FR', '2025-02-08 17:17:17'),
(1543, 15, 'add', 'Wahyudi added data mapping FRxQR', '2025-02-08 17:24:23'),
(1544, 15, 'add', 'Wahyudi added data mapping QRxQR', '2025-02-08 17:31:24'),
(1545, 15, 'update', 'Wahyudi updated data FR user story', '2025-02-08 17:32:59'),
(1546, 15, 'update', 'Wahyudi updated data FR user story', '2025-02-08 17:33:42'),
(1547, 15, 'update', 'Wahyudi updated data FR user story', '2025-02-08 17:36:17'),
(1548, 15, 'update', 'Wahyudi updated data FR user story', '2025-02-08 17:37:40'),
(1549, 15, 'update', 'Wahyudi updated data FR user story', '2025-02-08 17:38:37'),
(1550, 15, 'update', 'Wahyudi updated data FR user story', '2025-02-08 17:40:03'),
(1551, 15, 'update', 'Wahyudi updated data FR user story', '2025-02-08 17:40:40'),
(1552, 15, 'update', 'Wahyudi updated data FR', '2025-02-08 17:41:21'),
(1553, 15, 'update', 'Wahyudi updated data FR', '2025-02-08 17:41:47'),
(1554, 15, 'update', 'Wahyudi updated data FR', '2025-02-08 17:42:00'),
(1555, 15, 'update', 'Wahyudi updated data FR user story', '2025-02-08 17:42:48'),
(1556, 15, 'update', 'Wahyudi updated data FR user story', '2025-02-08 17:44:20'),
(1557, 15, 'update', 'Wahyudi updated data QR user story', '2025-02-08 17:46:28'),
(1558, 15, 'update', 'Wahyudi updated data QR user story', '2025-02-08 18:02:21'),
(1559, 15, 'update', 'Wahyudi updated data QR user story', '2025-02-08 18:05:49'),
(1560, 15, 'update', 'Wahyudi updated data QR user story', '2025-02-08 18:07:24'),
(1561, 15, 'update', 'Wahyudi updated data QR user story', '2025-02-08 18:07:53'),
(1562, 15, 'update', 'Wahyudi updated data QR user story', '2025-02-08 18:09:12'),
(1563, 15, 'update', 'Wahyudi updated data QR user story', '2025-02-08 18:10:26'),
(1564, 15, 'update', 'Wahyudi updated data QR user story', '2025-02-08 18:20:25'),
(1565, 15, 'update', 'Wahyudi updated data QR user story', '2025-02-08 18:21:11'),
(1566, 15, 'update', 'Wahyudi updated data QR user story', '2025-02-08 18:21:37'),
(1567, 15, 'update', 'Wahyudi updated data QR user story', '2025-02-08 18:23:42'),
(1568, 15, 'update', 'Wahyudi updated data QR user story', '2025-02-08 18:24:38'),
(1569, 15, 'update', 'Wahyudi updated data FR', '2025-02-08 18:26:24'),
(1570, 15, 'update', 'Wahyudi updated data FR', '2025-02-08 18:26:46'),
(1571, 15, 'update', 'Wahyudi updated data FR', '2025-02-08 18:27:07'),
(1572, 15, 'update', 'Wahyudi updated data FR', '2025-02-08 18:27:28'),
(1573, 15, 'update', 'Wahyudi updated data FR', '2025-02-08 18:28:02'),
(1574, 15, 'update', 'Wahyudi updated data FR', '2025-02-08 18:28:28'),
(1575, 15, 'update', 'Wahyudi updated data FR user story', '2025-02-08 18:29:45'),
(1576, 15, 'update', 'Wahyudi updated data FR user story', '2025-02-08 18:30:00'),
(1577, 15, 'update', 'Wahyudi updated data FR user story', '2025-02-08 18:30:18'),
(1578, 15, 'update', 'Wahyudi updated data FR user story', '2025-02-08 18:30:30'),
(1579, 15, 'update', 'Wahyudi updated data FR user story', '2025-02-08 18:30:47'),
(1580, 15, 'update', 'Wahyudi updated data FR user story', '2025-02-08 18:31:09'),
(1581, 15, 'update', 'Wahyudi updated data FR user story', '2025-02-08 18:31:27'),
(1582, 15, 'update', 'Wahyudi updated data FR user story', '2025-02-08 18:31:54'),
(1583, 15, 'update', 'Wahyudi updated data QR user story', '2025-02-08 18:32:22'),
(1584, 15, 'update', 'Wahyudi updated data QR user story', '2025-02-08 18:33:11'),
(1585, 15, 'update', 'Wahyudi updated data QR user story', '2025-02-08 18:33:32'),
(1586, 15, 'login', 'Wahyudi logged in', '2025-02-08 20:26:06');
INSERT INTO `log` (`id_log`, `id_user`, `action_type`, `action_desc`, `timestamp`) VALUES
(1587, 15, 'update', 'Wahyudi updated data QR user story', '2025-02-08 20:32:13'),
(1588, 15, 'update', 'Wahyudi updated data QR user story', '2025-02-08 20:33:12'),
(1589, 15, 'update', 'Wahyudi updated data QR user story', '2025-02-08 20:33:37'),
(1590, 15, 'update', 'Wahyudi updated data QR user story', '2025-02-08 20:40:51'),
(1591, 15, 'update', 'Wahyudi updated data QR user story', '2025-02-08 20:41:26'),
(1592, 15, 'update', 'Wahyudi updated data QR user story', '2025-02-08 20:42:23'),
(1593, 15, 'update', 'Wahyudi updated data QR user story', '2025-02-08 20:42:50'),
(1594, 15, 'update', 'Wahyudi updated data QR user story', '2025-02-08 20:43:22'),
(1595, 15, 'update', 'Wahyudi updated data QR user story', '2025-02-08 20:43:53'),
(1596, 15, 'update', 'Wahyudi updated data QR user story', '2025-02-08 20:44:17'),
(1597, 15, 'update', 'Wahyudi updated data QR user story', '2025-02-08 20:44:30'),
(1598, 15, 'update', 'Wahyudi updated data QR user story', '2025-02-08 20:45:37'),
(1599, 15, 'update', 'Wahyudi updated data QR user story', '2025-02-08 20:46:08'),
(1600, 15, 'update', 'Wahyudi updated data QR decision', '2025-02-08 20:47:40'),
(1601, 15, 'update', 'Wahyudi updated data QR decision', '2025-02-08 20:49:43'),
(1602, 15, 'add', 'Wahyudi added data validation', '2025-02-08 20:51:13'),
(1603, 15, 'add', 'Wahyudi added data validation', '2025-02-08 20:57:40'),
(1604, 15, 'update', 'Wahyudi confirmed NFR', '2025-02-08 20:57:58'),
(1605, 15, 'update', 'Wahyudi updated data QR user story', '2025-02-08 21:23:03'),
(1606, 15, 'update', 'Wahyudi updated data QR user story', '2025-02-08 21:23:32'),
(1607, 15, 'update', 'Wahyudi updated data QR user story', '2025-02-08 21:24:11'),
(1608, 15, 'update', 'Wahyudi updated data QR user story', '2025-02-08 21:24:45'),
(1609, 15, 'update', 'Wahyudi updated data QR user story', '2025-02-08 21:25:09'),
(1610, 15, 'update', 'Wahyudi updated data QR user story', '2025-02-08 21:25:31'),
(1611, 15, 'update', 'Wahyudi updated data QR user story', '2025-02-08 21:26:39'),
(1612, 15, 'update', 'Wahyudi updated data QR user story', '2025-02-08 21:27:16'),
(1613, 15, 'update', 'Wahyudi updated data QR user story', '2025-02-08 21:29:24'),
(1614, 15, 'update', 'Wahyudi updated data QR user story', '2025-02-08 21:30:16'),
(1615, 15, 'update', 'Wahyudi updated data QR user story', '2025-02-08 21:30:54'),
(1616, 15, 'update', 'Wahyudi updated data QR user story', '2025-02-08 21:31:30'),
(1617, 15, 'update', 'Wahyudi updated data QR user story', '2025-02-08 21:32:19'),
(1618, 15, 'login', 'Wahyudi logged in', '2025-02-09 06:09:51'),
(1619, 15, 'update', 'Wahyudi updated data QR decision', '2025-02-09 06:14:04'),
(1620, 15, 'update', 'Wahyudi updated data QR decision', '2025-02-09 06:16:35'),
(1621, 15, 'login', 'Wahyudi logged in', '2025-02-09 06:19:05'),
(1622, 15, 'update', 'Wahyudi updated data QR user story', '2025-02-09 06:32:32'),
(1623, 15, 'update', 'Wahyudi updated data QR user story', '2025-02-09 06:33:43'),
(1624, 15, 'update', 'Wahyudi updated data QR user story', '2025-02-09 06:34:18'),
(1625, 15, 'update', 'Wahyudi updated data QR user story', '2025-02-09 06:44:16'),
(1626, 15, 'update', 'Wahyudi updated data QR user story', '2025-02-09 06:47:06'),
(1627, 15, 'update', 'Wahyudi updated data QR user story', '2025-02-09 06:48:05'),
(1628, 15, 'update', 'Wahyudi updated data QR user story', '2025-02-09 06:55:08'),
(1629, 15, 'login', 'Wahyudi logged in', '2025-02-09 08:31:40'),
(1630, 15, 'update', 'Wahyudi updated data QR user story', '2025-02-09 08:32:37'),
(1631, 15, 'update', 'Wahyudi updated data QR user story', '2025-02-09 08:33:16'),
(1632, 15, 'update', 'Wahyudi updated data QR user story', '2025-02-09 08:34:20'),
(1633, 15, 'update', 'Wahyudi updated data QR user story', '2025-02-09 08:36:19'),
(1634, 15, 'update', 'Wahyudi updated data QR user story', '2025-02-09 08:37:17'),
(1635, 15, 'update', 'Wahyudi updated data QR user story', '2025-02-09 08:38:39'),
(1636, 15, 'update', 'Wahyudi updated data QR user story', '2025-02-09 08:39:27'),
(1637, 15, 'update', 'Wahyudi updated data QR user story', '2025-02-09 08:40:08'),
(1638, 15, 'update', 'Wahyudi updated data QR user story', '2025-02-09 08:40:45'),
(1639, 15, 'update', 'Wahyudi updated data QR user story', '2025-02-09 08:41:33'),
(1640, 15, 'update', 'Wahyudi updated data QR user story', '2025-02-09 08:42:40'),
(1641, 15, 'update', 'Wahyudi updated data QR user story', '2025-02-09 08:43:24'),
(1642, 15, 'update', 'Wahyudi updated data QR user story', '2025-02-09 08:44:02'),
(1643, 15, 'update', 'Wahyudi updated data QR user story', '2025-02-09 08:44:40'),
(1644, 15, 'update', 'Wahyudi updated data QR user story', '2025-02-09 08:45:16'),
(1645, 15, 'update', 'Wahyudi updated data QR user story', '2025-02-09 08:45:43'),
(1646, 15, 'update', 'Wahyudi updated data QR user story', '2025-02-09 08:47:01'),
(1647, 15, 'update', 'Wahyudi updated data QR user story', '2025-02-09 08:48:17'),
(1648, 15, 'update', 'Wahyudi updated data QR user story', '2025-02-09 08:49:12'),
(1649, 15, 'update', 'Wahyudi updated data QR user story', '2025-02-09 08:49:45'),
(1650, 15, 'update', 'Wahyudi updated data QR user story', '2025-02-09 08:50:26'),
(1651, 15, 'update', 'Wahyudi updated data QR user story', '2025-02-09 08:51:08'),
(1652, 15, 'update', 'Wahyudi updated data QR user story', '2025-02-09 08:51:43'),
(1653, 15, 'update', 'Wahyudi updated data QR user story', '2025-02-09 08:52:18'),
(1654, 15, 'update', 'Wahyudi updated data QR user story', '2025-02-09 08:53:10'),
(1655, 15, 'update', 'Wahyudi updated data QR user story', '2025-02-09 08:53:42'),
(1656, 15, 'update', 'Wahyudi updated data QR user story', '2025-02-09 08:54:12'),
(1657, 15, 'update', 'Wahyudi updated data QR user story', '2025-02-09 08:54:36'),
(1658, 15, 'update', 'Wahyudi updated data project', '2025-02-09 09:13:17'),
(1659, 15, 'login', 'Wahyudi logged in', '2025-02-10 10:31:03'),
(1660, 15, 'login', 'Wahyudi logged in', '2025-02-10 14:02:34'),
(1661, 13, 'login', 'Yasmin logged in', '2025-02-12 09:52:37'),
(1662, 13, 'add', 'Yasmin added data project', '2025-02-12 09:56:52'),
(1663, 13, 'delete', 'Yasmin deleted data project', '2025-02-12 09:59:51'),
(1664, 13, 'add', 'Yasmin added data project', '2025-02-12 10:00:01'),
(1665, 13, 'add', 'Yasmin added data project', '2025-02-12 10:05:45'),
(1666, 13, 'add', 'Yasmin added data project', '2025-02-12 10:06:08'),
(1667, 13, 'add', 'Yasmin added data project', '2025-02-12 10:07:36'),
(1668, 13, 'delete', 'Yasmin deleted data project', '2025-02-12 10:10:46'),
(1669, 13, 'delete', 'Yasmin deleted data project', '2025-02-12 10:10:50'),
(1670, 13, 'delete', 'Yasmin deleted data project', '2025-02-12 10:10:56'),
(1671, 13, 'delete', 'Yasmin deleted data project', '2025-02-12 10:11:01'),
(1672, 13, 'add', 'Yasmin added data project', '2025-02-12 10:11:06'),
(1673, 13, 'delete', 'Yasmin deleted data QR', '2025-02-12 10:15:48'),
(1674, 13, 'add', 'Yasmin added data project', '2025-02-12 10:15:57'),
(1675, 13, 'add', 'Yasmin added data FR', '2025-02-12 10:18:49'),
(1676, 13, 'add', 'Yasmin added data mapping FRxQR', '2025-02-12 10:18:53'),
(1677, 13, 'add', 'Yasmin added data project', '2025-02-12 10:23:48'),
(1678, 13, 'add', 'Yasmin added data project', '2025-02-12 10:24:02'),
(1679, 13, 'add', 'Yasmin added data project', '2025-02-12 10:26:47'),
(1680, 13, 'delete', 'Yasmin deleted data project', '2025-02-12 10:49:01'),
(1681, 13, 'delete', 'Yasmin deleted data project', '2025-02-12 10:49:06'),
(1682, 13, 'delete', 'Yasmin deleted data project', '2025-02-12 10:49:10'),
(1683, 13, 'delete', 'Yasmin deleted data project', '2025-02-12 10:49:14'),
(1684, 13, 'delete', 'Yasmin deleted data project', '2025-02-12 10:49:19'),
(1685, 13, 'add', 'Yasmin added data project', '2025-02-12 10:49:24'),
(1686, 13, 'add', 'Yasmin added data project', '2025-02-12 10:50:24'),
(1687, 13, 'add', 'Yasmin added data FR', '2025-02-12 10:52:06'),
(1688, 13, 'add', 'Yasmin added data mapping FRxQR', '2025-02-12 10:52:09'),
(1689, 13, 'update', 'Yasmin confirmed NFR', '2025-02-12 10:52:20'),
(1690, 13, 'add', 'Yasmin added data FR', '2025-02-12 10:52:36'),
(1691, 13, 'add', 'Yasmin added data mapping FRxQR', '2025-02-12 10:52:42'),
(1692, 13, 'update', 'Yasmin confirmed NFR', '2025-02-12 10:52:48'),
(1693, 13, 'add', 'Yasmin added data project', '2025-02-12 10:52:58'),
(1694, 13, 'add', 'Yasmin added data project', '2025-02-12 10:53:47'),
(1695, 13, 'login', 'Yasmin logged in', '2025-02-14 08:09:50'),
(1696, 13, 'add', 'Yasmin added data project', '2025-02-14 08:10:32'),
(1697, 13, 'login', 'Yasmin logged in', '2025-05-08 14:59:20'),
(1698, 13, 'update', 'Yasmin updated data system type', '2025-05-08 15:33:31'),
(1699, 13, 'delete', 'Yasmin deleted data project', '2025-05-08 16:06:56'),
(1700, 13, 'delete', 'Yasmin deleted data project', '2025-05-08 16:07:01'),
(1701, 13, 'delete', 'Yasmin deleted data project', '2025-05-08 16:07:05'),
(1702, 13, 'delete', 'Yasmin deleted data project', '2025-05-08 16:07:09'),
(1703, 13, 'delete', 'Yasmin deleted data project', '2025-05-08 16:07:28'),
(1704, 13, 'add', 'Yasmin added data project', '2025-05-08 16:07:40'),
(1705, 13, 'add', 'Yasmin added data FR', '2025-05-08 16:16:40'),
(1706, 13, 'add', 'Yasmin added data QR', '2025-05-08 16:16:49'),
(1707, 13, 'add', 'Yasmin added data mapping FRxQR', '2025-05-08 16:16:56'),
(1708, 13, 'update', 'Yasmin confirmed NFR', '2025-05-08 16:17:03'),
(1709, 13, 'add', 'Yasmin added data project', '2025-05-08 16:24:22'),
(1710, 13, 'add', 'Yasmin added data FR', '2025-05-08 16:24:44'),
(1711, 13, 'add', 'Yasmin added data QR', '2025-05-08 16:24:50'),
(1712, 13, 'add', 'Yasmin added data mapping FRxQR', '2025-05-08 16:24:55'),
(1713, 13, 'update', 'Yasmin confirmed NFR', '2025-05-08 16:25:02'),
(1714, 13, 'delete', 'Yasmin deleted data project', '2025-05-08 16:25:13'),
(1715, 13, 'add', 'Yasmin added data project', '2025-05-08 16:25:19'),
(1716, 13, 'delete', 'Yasmin deleted data project', '2025-05-08 16:31:23'),
(1717, 13, 'add', 'Yasmin added data project', '2025-05-08 16:31:28');

-- --------------------------------------------------------

--
-- Table structure for table `mapping_fr`
--

CREATE TABLE `mapping_fr` (
  `id_mapping_fr` int(11) NOT NULL,
  `id_project` int(11) NOT NULL,
  `id_fr` int(11) NOT NULL,
  `id_nfr` int(11) NOT NULL,
  `value` tinyint(4) NOT NULL
) ENGINE=InnoDB DEFAULT CHARSET=utf8mb4 COLLATE=utf8mb4_general_ci;

--
-- Dumping data for table `mapping_fr`
--

INSERT INTO `mapping_fr` (`id_mapping_fr`, `id_project`, `id_fr`, `id_nfr`, `value`) VALUES
(263, 43, 77, 672, 1),
(265, 43, 77, 673, 1),
(266, 43, 77, 698, 1),
(267, 45, 78, 729, 1),
(268, 45, 78, 730, 1),
(269, 45, 78, 738, 1),
(270, 45, 78, 739, 1),
(271, 45, 78, 742, 1),
(272, 45, 78, 747, 1),
(273, 46, 79, 760, 1),
(274, 46, 79, 764, 1),
(275, 46, 79, 765, 1),
(277, 46, 79, 769, 1),
(278, 46, 79, 777, 1),
(279, 46, 79, 778, 1),
(280, 46, 79, 779, 1),
(281, 46, 79, 780, 1),
(282, 46, 79, 776, 1),
(283, 46, 80, 764, 1),
(284, 46, 80, 765, 1),
(285, 46, 80, 776, 1),
(286, 46, 80, 777, 1),
(287, 46, 80, 778, 1),
(288, 46, 80, 779, 1),
(289, 46, 80, 780, 1),
(290, 46, 81, 764, 1),
(291, 46, 81, 765, 1),
(292, 46, 81, 769, 1),
(293, 46, 81, 776, 1),
(294, 46, 81, 777, 1),
(295, 46, 81, 778, 1),
(296, 46, 81, 779, 1),
(297, 46, 81, 780, 1),
(298, 46, 82, 764, 1),
(299, 46, 82, 765, 1),
(300, 46, 82, 769, 1),
(301, 46, 82, 776, 1),
(302, 46, 82, 777, 1),
(303, 46, 82, 778, 1),
(304, 46, 82, 779, 1),
(305, 46, 82, 780, 1),
(306, 46, 83, 764, 1),
(307, 46, 83, 765, 1),
(308, 46, 83, 769, 1),
(309, 46, 83, 776, 1),
(310, 46, 83, 777, 1),
(311, 46, 83, 778, 1),
(312, 46, 83, 779, 1),
(313, 46, 83, 780, 1),
(314, 46, 84, 764, 1),
(315, 46, 84, 765, 1),
(316, 46, 84, 769, 1),
(317, 46, 84, 776, 1),
(318, 46, 84, 777, 1),
(319, 46, 84, 778, 1),
(320, 46, 84, 779, 1),
(321, 46, 84, 780, 1),
(322, 46, 85, 764, 1),
(323, 46, 85, 765, 1),
(324, 46, 85, 769, 1),
(325, 46, 85, 776, 1),
(326, 46, 85, 777, 1),
(327, 46, 85, 778, 1),
(328, 46, 85, 779, 1),
(329, 46, 85, 780, 1),
(330, 46, 86, 764, 1),
(331, 46, 86, 765, 1),
(332, 46, 86, 769, 1),
(333, 46, 86, 776, 1),
(334, 46, 86, 777, 1),
(335, 46, 86, 778, 1),
(336, 46, 86, 779, 1),
(337, 46, 86, 780, 1),
(338, 46, 87, 764, 1),
(339, 46, 87, 765, 1),
(340, 46, 87, 776, 1),
(341, 46, 87, 777, 1),
(342, 46, 87, 778, 1),
(343, 46, 87, 779, 1),
(344, 46, 87, 780, 1),
(345, 46, 88, 764, 1),
(346, 46, 88, 765, 1),
(347, 46, 88, 769, 1),
(348, 46, 88, 776, 1),
(349, 46, 88, 777, 1),
(350, 46, 88, 778, 1),
(351, 46, 88, 779, 1),
(352, 46, 88, 780, 1),
(353, 46, 89, 764, 1),
(354, 46, 89, 776, 1),
(355, 46, 89, 777, 1),
(356, 46, 89, 778, 1),
(357, 46, 89, 779, 1),
(358, 46, 89, 780, 1),
(359, 46, 90, 764, 1),
(360, 46, 90, 765, 1),
(361, 46, 90, 769, 1),
(362, 46, 90, 776, 1),
(363, 46, 90, 777, 1),
(364, 46, 90, 778, 1),
(365, 46, 90, 779, 1),
(366, 46, 90, 780, 1),
(367, 46, 92, 764, 1),
(368, 46, 92, 765, 1),
(369, 46, 92, 769, 1),
(370, 46, 92, 776, 1),
(371, 46, 92, 777, 1),
(372, 46, 92, 778, 1),
(373, 46, 92, 779, 1),
(374, 46, 92, 780, 1),
(375, 46, 93, 764, 1),
(376, 46, 93, 765, 1),
(377, 46, 93, 769, 1),
(378, 46, 93, 776, 1),
(379, 46, 93, 777, 1),
(380, 46, 93, 778, 1),
(381, 46, 93, 779, 1),
(382, 46, 93, 780, 1),
(383, 46, 94, 764, 1),
(384, 46, 94, 765, 1),
(385, 46, 94, 769, 1),
(386, 46, 94, 776, 1),
(387, 46, 94, 777, 1),
(388, 46, 94, 778, 1),
(389, 46, 94, 779, 1),
(390, 46, 94, 780, 1),
(391, 46, 93, 770, 1),
(392, 46, 95, 764, 1),
(393, 46, 95, 765, 1),
(394, 46, 95, 769, 1),
(395, 46, 95, 776, 1),
(396, 46, 95, 777, 1),
(397, 46, 95, 778, 1),
(398, 46, 95, 779, 1),
(399, 46, 95, 780, 1),
(400, 46, 97, 764, 1),
(401, 46, 97, 765, 1),
(402, 46, 97, 770, 1),
(403, 46, 97, 776, 1),
(404, 46, 97, 777, 1),
(405, 46, 97, 778, 1),
(406, 46, 97, 779, 1),
(407, 46, 97, 780, 1),
(408, 46, 98, 760, 1),
(409, 46, 98, 764, 1),
(410, 46, 98, 765, 1),
(411, 46, 98, 769, 1),
(412, 46, 98, 776, 1),
(413, 46, 98, 777, 1),
(414, 46, 98, 778, 1),
(415, 46, 98, 779, 1),
(416, 46, 98, 780, 1),
(417, 46, 99, 764, 1),
(418, 46, 99, 776, 1),
(419, 46, 99, 777, 1),
(420, 46, 99, 778, 1),
(421, 46, 99, 779, 1),
(422, 46, 99, 780, 1),
(423, 46, 100, 760, 1),
(424, 46, 100, 764, 1),
(425, 46, 100, 769, 1),
(426, 46, 100, 776, 1),
(427, 46, 100, 777, 1),
(428, 46, 100, 778, 1),
(429, 46, 100, 779, 1),
(430, 46, 100, 780, 1),
(431, 46, 101, 764, 1),
(432, 46, 101, 765, 1),
(433, 46, 101, 769, 1),
(434, 46, 101, 776, 1),
(435, 46, 101, 777, 1),
(436, 46, 101, 778, 1),
(437, 46, 101, 779, 1),
(438, 46, 101, 780, 1),
(439, 46, 102, 760, 1),
(440, 46, 102, 764, 1),
(441, 46, 102, 769, 1),
(442, 46, 102, 776, 1),
(443, 46, 102, 777, 1),
(444, 46, 102, 778, 1),
(445, 46, 102, 779, 1),
(446, 46, 102, 780, 1),
(447, 46, 103, 760, 1),
(448, 46, 103, 764, 1),
(449, 46, 103, 769, 1),
(450, 46, 103, 776, 1),
(451, 46, 103, 777, 1),
(452, 46, 103, 778, 1),
(453, 46, 103, 779, 1),
(454, 46, 103, 780, 1),
(455, 43, 104, 698, 1),
(456, 43, 104, 786, 1),
(457, 47, 106, 788, 1),
(458, 47, 106, 789, 1),
(459, 47, 106, 787, 1),
(460, 46, 87, 769, 1),
(461, 48, 107, 837, 1),
(462, 48, 107, 838, 1),
(463, 48, 107, 843, 1),
(464, 50, 108, 917, 1),
(465, 50, 108, 919, 1),
(466, 50, 108, 924, 1),
(467, 50, 108, 925, 1),
(468, 50, 108, 926, 1),
(469, 51, 109, 934, 1),
(470, 51, 109, 935, 1),
(471, 51, 109, 936, 1),
(472, 51, 109, 937, 1),
(473, 51, 109, 938, 1),
(474, 51, 110, 963, 1),
(475, 51, 110, 965, 1),
(476, 52, 119, 967, 1),
(483, 52, 111, 974, 1),
(485, 52, 111, 991, 1),
(487, 52, 111, 996, 1),
(677, 52, 117, 967, 1),
(682, 52, 120, 967, 1),
(683, 52, 112, 967, 1),
(689, 52, 112, 974, 1),
(690, 52, 112, 983, 1),
(694, 52, 112, 991, 1),
(696, 52, 112, 996, 1),
(698, 52, 113, 967, 1),
(704, 52, 113, 974, 1),
(705, 52, 113, 983, 1),
(709, 52, 113, 991, 1),
(711, 52, 113, 996, 1),
(713, 52, 114, 967, 1),
(719, 52, 114, 974, 1),
(720, 52, 114, 983, 1),
(724, 52, 114, 991, 1),
(726, 52, 114, 996, 1),
(728, 52, 115, 969, 1),
(731, 52, 116, 974, 1),
(732, 52, 116, 975, 1),
(733, 52, 116, 976, 1),
(734, 52, 117, 973, 1),
(735, 52, 117, 974, 1),
(736, 52, 117, 975, 1),
(737, 52, 118, 975, 1),
(738, 52, 118, 976, 1),
(739, 52, 119, 973, 1),
(740, 52, 119, 974, 1),
(741, 52, 116, 967, 1),
(744, 52, 111, 988, 1),
(745, 52, 111, 989, 1),
(746, 52, 111, 990, 1),
(747, 52, 112, 988, 1),
(748, 52, 112, 989, 1),
(749, 52, 112, 990, 1),
(750, 52, 113, 988, 1),
(751, 52, 113, 989, 1),
(752, 52, 113, 990, 1),
(753, 52, 114, 988, 1),
(754, 52, 114, 989, 1),
(755, 52, 114, 990, 1),
(756, 52, 115, 988, 1),
(757, 52, 115, 989, 1),
(758, 52, 115, 990, 1),
(759, 52, 115, 991, 1),
(760, 52, 116, 988, 1),
(761, 52, 116, 989, 1),
(762, 52, 116, 990, 1),
(763, 52, 116, 991, 1),
(764, 52, 117, 988, 1),
(765, 52, 117, 989, 1),
(766, 52, 117, 990, 1),
(767, 52, 117, 991, 1),
(768, 52, 118, 988, 1),
(769, 52, 118, 989, 1),
(770, 52, 118, 990, 1),
(771, 52, 118, 991, 1),
(772, 52, 119, 988, 1),
(773, 52, 119, 989, 1),
(774, 52, 119, 990, 1),
(775, 52, 119, 991, 1),
(776, 52, 120, 988, 1),
(777, 52, 120, 989, 1),
(778, 52, 120, 990, 1),
(779, 52, 120, 991, 1),
(783, 44, 124, 1429, 1),
(784, 69, 125, 1456, 1);

-- --------------------------------------------------------

--
-- Table structure for table `mapping_nfr`
--

CREATE TABLE `mapping_nfr` (
  `id_mapping_nfr` int(11) NOT NULL,
  `id_project` int(11) NOT NULL,
  `id_nfr1` int(11) NOT NULL,
  `id_nfr2` int(11) NOT NULL,
  `value` varchar(1) NOT NULL
) ENGINE=InnoDB DEFAULT CHARSET=utf8mb4 COLLATE=utf8mb4_general_ci;

--
-- Dumping data for table `mapping_nfr`
--

INSERT INTO `mapping_nfr` (`id_mapping_nfr`, `id_project`, `id_nfr1`, `id_nfr2`, `value`) VALUES
(711, 43, 672, 672, 'X'),
(712, 43, 672, 673, ''),
(713, 43, 673, 672, ''),
(714, 43, 673, 673, '*'),
(715, 45, 729, 729, '0'),
(716, 45, 729, 730, '*'),
(717, 45, 729, 738, 'X'),
(718, 45, 729, 739, 'X'),
(719, 45, 730, 729, ''),
(720, 45, 730, 730, ''),
(721, 45, 730, 738, ''),
(722, 45, 730, 739, ''),
(723, 45, 738, 729, ''),
(724, 45, 738, 730, ''),
(725, 45, 738, 738, ''),
(726, 45, 738, 739, ''),
(727, 45, 739, 729, ''),
(728, 45, 739, 730, ''),
(729, 45, 739, 738, ''),
(730, 45, 739, 739, ''),
(731, 45, 729, 742, 'X'),
(732, 45, 729, 747, 'X'),
(733, 45, 730, 742, ''),
(734, 45, 730, 747, ''),
(735, 45, 738, 742, ''),
(736, 45, 738, 747, ''),
(737, 45, 739, 742, ''),
(738, 45, 739, 747, ''),
(739, 45, 742, 729, ''),
(740, 45, 742, 730, ''),
(741, 45, 742, 738, ''),
(742, 45, 742, 739, ''),
(743, 45, 742, 742, ''),
(744, 45, 742, 747, ''),
(745, 45, 747, 729, ''),
(746, 45, 747, 730, ''),
(747, 45, 747, 738, ''),
(748, 45, 747, 739, ''),
(749, 45, 747, 742, ''),
(750, 45, 747, 747, ''),
(751, 46, 760, 760, '0'),
(752, 46, 760, 764, '*'),
(753, 46, 760, 765, '*'),
(755, 46, 764, 760, '*'),
(756, 46, 764, 764, '0'),
(757, 46, 764, 765, '0'),
(759, 46, 765, 760, '*'),
(760, 46, 765, 764, '0'),
(761, 46, 765, 765, '0'),
(767, 48, 837, 837, '0'),
(768, 48, 837, 838, 'X'),
(769, 48, 837, 843, '0'),
(770, 48, 838, 837, ''),
(771, 48, 838, 838, ''),
(772, 48, 838, 843, ''),
(773, 48, 843, 837, ''),
(774, 48, 843, 838, ''),
(775, 48, 843, 843, ''),
(776, 46, 760, 769, '0'),
(777, 46, 760, 770, '0'),
(778, 46, 760, 776, '0'),
(779, 46, 760, 777, '0'),
(780, 46, 760, 778, '0'),
(781, 46, 760, 779, '0'),
(782, 46, 760, 780, '0'),
(783, 46, 764, 769, '*'),
(784, 46, 764, 770, '*'),
(785, 46, 764, 776, '0'),
(786, 46, 764, 777, '0'),
(787, 46, 764, 778, '0'),
(788, 46, 764, 779, '0'),
(789, 46, 764, 780, '0'),
(790, 46, 765, 769, '0'),
(791, 46, 765, 770, '*'),
(792, 46, 765, 776, '0'),
(793, 46, 765, 777, '0'),
(794, 46, 765, 778, '*'),
(795, 46, 765, 779, '0'),
(796, 46, 765, 780, '*'),
(797, 46, 769, 760, '0'),
(798, 46, 769, 764, '*'),
(799, 46, 769, 765, '0'),
(800, 46, 769, 769, '0'),
(801, 46, 769, 770, '*'),
(802, 46, 769, 776, '0'),
(803, 46, 769, 777, '0'),
(804, 46, 769, 778, '*'),
(805, 46, 769, 779, '0'),
(806, 46, 769, 780, '*'),
(807, 46, 770, 760, '0'),
(808, 46, 770, 764, '*'),
(809, 46, 770, 765, '*'),
(810, 46, 770, 769, '*'),
(811, 46, 770, 770, '0'),
(812, 46, 770, 776, '0'),
(813, 46, 770, 777, '0'),
(814, 46, 770, 778, '*'),
(815, 46, 770, 779, '0'),
(816, 46, 770, 780, '*'),
(817, 46, 776, 760, '0'),
(818, 46, 776, 764, '0'),
(819, 46, 776, 765, '0'),
(820, 46, 776, 769, '0'),
(821, 46, 776, 770, '0'),
(822, 46, 776, 776, '0'),
(823, 46, 776, 777, '*'),
(824, 46, 776, 778, '*'),
(825, 46, 776, 779, '*'),
(826, 46, 776, 780, '*'),
(827, 46, 777, 760, '0'),
(828, 46, 777, 764, '0'),
(829, 46, 777, 765, '0'),
(830, 46, 777, 769, '0'),
(831, 46, 777, 770, '0'),
(832, 46, 777, 776, '*'),
(833, 46, 777, 777, '0'),
(834, 46, 777, 778, '*'),
(835, 46, 777, 779, '*'),
(836, 46, 777, 780, '*'),
(837, 46, 778, 760, '0'),
(838, 46, 778, 764, '0'),
(839, 46, 778, 765, '*'),
(840, 46, 778, 769, '*'),
(841, 46, 778, 770, '*'),
(842, 46, 778, 776, '*'),
(843, 46, 778, 777, '*'),
(844, 46, 778, 778, '0'),
(845, 46, 778, 779, '*'),
(846, 46, 778, 780, '*'),
(847, 46, 779, 760, '0'),
(848, 46, 779, 764, '0'),
(849, 46, 779, 765, '0'),
(850, 46, 779, 769, '0'),
(851, 46, 779, 770, '0'),
(852, 46, 779, 776, '0'),
(853, 46, 779, 777, '0'),
(854, 46, 779, 778, '0'),
(855, 46, 779, 779, '0'),
(856, 46, 779, 780, '*'),
(857, 46, 780, 760, '0'),
(858, 46, 780, 764, '0'),
(859, 46, 780, 765, '*'),
(860, 46, 780, 769, '*'),
(861, 46, 780, 770, '*'),
(862, 46, 780, 776, '*'),
(863, 46, 780, 777, '*'),
(864, 46, 780, 778, '*'),
(865, 46, 780, 779, '*'),
(866, 46, 780, 780, '0'),
(867, 51, 934, 934, '*'),
(868, 51, 934, 935, 'X'),
(869, 51, 934, 936, '*'),
(870, 51, 934, 937, 'X'),
(871, 51, 934, 938, 'X'),
(872, 51, 935, 934, '*'),
(873, 51, 935, 935, ''),
(874, 51, 935, 936, ''),
(875, 51, 935, 937, ''),
(876, 51, 935, 938, ''),
(877, 51, 936, 934, ''),
(878, 51, 936, 935, ''),
(879, 51, 936, 936, ''),
(880, 51, 936, 937, ''),
(881, 51, 936, 938, ''),
(882, 51, 937, 934, 'X'),
(883, 51, 937, 935, ''),
(884, 51, 937, 936, ''),
(885, 51, 937, 937, ''),
(886, 51, 937, 938, ''),
(887, 51, 938, 934, ''),
(888, 51, 938, 935, ''),
(889, 51, 938, 936, ''),
(890, 51, 938, 937, ''),
(891, 51, 938, 938, ''),
(892, 51, 934, 963, ''),
(893, 51, 934, 965, ''),
(894, 51, 935, 963, ''),
(895, 51, 935, 965, ''),
(896, 51, 936, 963, ''),
(897, 51, 936, 965, ''),
(898, 51, 937, 963, ''),
(899, 51, 937, 965, ''),
(900, 51, 938, 963, ''),
(901, 51, 938, 965, ''),
(902, 51, 963, 934, ''),
(903, 51, 963, 935, ''),
(904, 51, 963, 936, ''),
(905, 51, 963, 937, ''),
(906, 51, 963, 938, ''),
(907, 51, 963, 963, ''),
(908, 51, 963, 965, ''),
(909, 51, 965, 934, ''),
(910, 51, 965, 935, ''),
(911, 51, 965, 936, ''),
(912, 51, 965, 937, ''),
(913, 51, 965, 938, ''),
(914, 51, 965, 963, ''),
(915, 51, 965, 965, ''),
(975, 52, 973, 973, '0'),
(976, 52, 973, 974, '*'),
(977, 52, 973, 975, '0'),
(978, 52, 973, 976, '0'),
(980, 52, 973, 983, '*'),
(984, 52, 973, 991, '*'),
(986, 52, 973, 996, '0'),
(991, 52, 974, 973, '0'),
(992, 52, 974, 974, '0'),
(993, 52, 974, 975, '*'),
(994, 52, 974, 976, '*'),
(996, 52, 974, 983, '0'),
(1000, 52, 974, 991, '0'),
(1002, 52, 974, 996, '0'),
(1007, 52, 975, 973, '0'),
(1008, 52, 975, 974, '*'),
(1009, 52, 975, 975, '0'),
(1010, 52, 975, 976, '0'),
(1012, 52, 975, 983, '0'),
(1016, 52, 975, 991, '*'),
(1018, 52, 975, 996, '0'),
(1023, 52, 976, 973, '*'),
(1024, 52, 976, 974, '*'),
(1025, 52, 976, 975, '*'),
(1026, 52, 976, 976, '0'),
(1028, 52, 976, 983, '0'),
(1032, 52, 976, 991, '0'),
(1034, 52, 976, 996, '*'),
(1055, 52, 983, 973, '0'),
(1056, 52, 983, 974, '0'),
(1057, 52, 983, 975, '0'),
(1058, 52, 983, 976, '0'),
(1060, 52, 983, 983, '0'),
(1064, 52, 983, 991, '*'),
(1066, 52, 983, 996, '0'),
(1119, 52, 991, 973, '0'),
(1120, 52, 991, 974, '0'),
(1121, 52, 991, 975, '0'),
(1122, 52, 991, 976, '0'),
(1124, 52, 991, 983, '*'),
(1128, 52, 991, 991, '0'),
(1130, 52, 991, 996, '0'),
(1151, 52, 996, 973, '0'),
(1152, 52, 996, 974, '*'),
(1153, 52, 996, 975, '0'),
(1154, 52, 996, 976, '*'),
(1156, 52, 996, 983, '*'),
(1160, 52, 996, 991, '0'),
(1162, 52, 996, 996, '0'),
(1180, 52, 967, 967, '0'),
(1184, 52, 967, 973, '0'),
(1185, 52, 967, 974, '0'),
(1186, 52, 967, 975, '0'),
(1187, 52, 967, 976, '0'),
(1189, 52, 967, 983, '0'),
(1193, 52, 967, 991, '*'),
(1195, 52, 967, 996, '0'),
(1200, 52, 973, 967, '*'),
(1201, 52, 974, 967, '*'),
(1202, 52, 975, 967, '0'),
(1203, 52, 976, 967, '0'),
(1205, 52, 983, 967, '*'),
(1209, 52, 991, 967, '0'),
(1211, 52, 996, 967, '0'),
(1213, 52, 967, 988, '*'),
(1214, 52, 967, 989, '*'),
(1215, 52, 967, 990, '*'),
(1216, 52, 973, 988, '*'),
(1217, 52, 973, 989, '*'),
(1218, 52, 973, 990, '*'),
(1219, 52, 974, 988, '0'),
(1220, 52, 974, 989, '0'),
(1221, 52, 974, 990, '0'),
(1222, 52, 975, 988, '*'),
(1223, 52, 975, 989, '*'),
(1224, 52, 975, 990, '*'),
(1225, 52, 976, 988, '0'),
(1226, 52, 976, 989, '0'),
(1227, 52, 976, 990, '0'),
(1228, 52, 983, 988, '*'),
(1229, 52, 983, 989, '*'),
(1230, 52, 983, 990, '*'),
(1231, 52, 988, 967, '*'),
(1232, 52, 988, 973, '*'),
(1233, 52, 988, 974, '0'),
(1234, 52, 988, 975, '0'),
(1235, 52, 988, 976, '0'),
(1236, 52, 988, 983, '*'),
(1237, 52, 988, 988, '0'),
(1238, 52, 988, 989, '0'),
(1239, 52, 988, 990, '0'),
(1240, 52, 988, 991, '0'),
(1241, 52, 988, 996, '0'),
(1242, 52, 989, 967, '*'),
(1243, 52, 989, 973, '*'),
(1244, 52, 989, 974, '0'),
(1245, 52, 989, 975, '0'),
(1246, 52, 989, 976, '0'),
(1247, 52, 989, 983, '*'),
(1248, 52, 989, 988, '0'),
(1249, 52, 989, 989, '0'),
(1250, 52, 989, 990, '0'),
(1251, 52, 989, 991, '0'),
(1252, 52, 989, 996, '0'),
(1253, 52, 990, 967, '*'),
(1254, 52, 990, 973, '*'),
(1255, 52, 990, 974, '0'),
(1256, 52, 990, 975, '0'),
(1257, 52, 990, 976, '0'),
(1258, 52, 990, 983, '*'),
(1259, 52, 990, 988, '0'),
(1260, 52, 990, 989, '0'),
(1261, 52, 990, 990, '0'),
(1262, 52, 990, 991, '0'),
(1263, 52, 990, 996, '0'),
(1264, 52, 991, 988, '0'),
(1265, 52, 991, 989, '0'),
(1266, 52, 991, 990, '0'),
(1267, 52, 996, 988, '0'),
(1268, 52, 996, 989, '0'),
(1269, 52, 996, 990, '0');

-- --------------------------------------------------------

--
-- Table structure for table `nfr`
--

CREATE TABLE `nfr` (
  `id_nfr` int(11) NOT NULL,
  `name` varchar(100) NOT NULL
) ENGINE=InnoDB DEFAULT CHARSET=utf8mb4 COLLATE=utf8mb4_general_ci;

--
-- Dumping data for table `nfr`
--

INSERT INTO `nfr` (`id_nfr`, `name`) VALUES
(2, 'Compatibility'),
(3, 'Completeness'),
(4, 'Conformance'),
(5, 'Extensibility'),
(6, 'Installability'),
(7, 'Portability'),
(8, 'Dependability'),
(9, 'Maintainability'),
(10, 'Integrity'),
(11, 'Accuracy'),
(12, 'Confidentiality'),
(13, 'Verifiability'),
(14, 'Availability'),
(15, 'Performance'),
(18, 'Safety'),
(19, 'Communicativeness'),
(20, 'Reliability'),
(21, 'Usability'),
(22, 'Interoperability'),
(23, 'Privacy'),
(24, 'Scalability'),
(25, 'Provability'),
(26, 'Reusability'),
(27, 'Standardizability'),
(28, 'Traceability'),
(29, 'Viability'),
(30, 'Security'),
(34, 'Time Behavior'),
(35, 'Resource Utilization'),
(36, 'Capacity'),
(37, 'Co-existence'),
(38, 'Appropriateness Recognizability'),
(39, 'Learnability'),
(40, 'Operability'),
(41, 'User Error Protection'),
(42, 'User Interface Aesthetics'),
(43, 'Accessibility'),
(44, 'Maturity'),
(45, 'Fault Tolerance'),
(46, 'Recoverability'),
(48, 'Non-repudiation'),
(49, 'Authenticity'),
(50, 'Accountability'),
(51, 'Modularity'),
(52, 'Analysability'),
(53, 'Modifiability'),
(54, 'Testability'),
(55, 'Adaptability'),
(56, 'Replacebility'),
(57, 'Self-descriptiveness'),
(58, 'Risk identification'),
(59, 'Hazard warning '),
(60, 'User engagement'),
(61, 'Operational constraint'),
(62, 'Fail safe'),
(63, 'Safe integration'),
(64, 'Replaceability'),
(65, 'Flexibility'),
(66, 'Resistance'),
(67, 'Faultlessness'),
(68, 'Correctness '),
(69, 'Appropriateness'),
(70, 'Inclusivity'),
(71, 'User assistance');

-- --------------------------------------------------------

--
-- Table structure for table `nfr_decision`
--

CREATE TABLE `nfr_decision` (
  `id_decision` int(11) NOT NULL,
  `dec_summary` varchar(255) NOT NULL,
  `affected` varchar(255) NOT NULL,
  `rationale` varchar(255) NOT NULL,
  `id_project` int(11) NOT NULL,
  `nfr` int(11) NOT NULL
) ENGINE=InnoDB DEFAULT CHARSET=utf8mb4 COLLATE=utf8mb4_general_ci;

--
-- Dumping data for table `nfr_decision`
--

INSERT INTO `nfr_decision` (`id_decision`, `dec_summary`, `affected`, `rationale`, `id_project`, `nfr`) VALUES
(45, '', '', '', 43, 698),
(46, '', '', '', 43, 673),
(47, '', '', '', 45, 742),
(48, '', '', '', 45, 747),
(49, 'Add log system', 'No', 'Record all activities in the system to easily trace', 46, 697),
(50, 'Add user BAAK', 'No', 'BAAK can manage Final Project/Thesis proposal or final review', 46, 769),
(51, '', '', '', 46, 777),
(52, '', '', '', 46, 778),
(53, '', '', '', 46, 779),
(54, '', '', '', 46, 780),
(55, '', '', '', 46, 776),
(56, '', '', '', 46, 764),
(57, '', '', '', 46, 765),
(58, '', '', '', 46, 770),
(59, '', '', '', 46, 760),
(60, '', '', '', 43, 786),
(61, '', '', '', 47, 787),
(62, 'change to interoperability', 'no', 'QR Characteristic is same', 52, 966),
(63, 'Make UI Design Appropriate', 'No', 'The system can recognize whether a product or system is appropriate for their needs.', 52, 988),
(64, '', '', '', 52, 989),
(65, '', '', '', 52, 990),
(66, '', '', '', 52, 991);

-- --------------------------------------------------------

--
-- Table structure for table `nfr_list`
--

CREATE TABLE `nfr_list` (
  `id_nfr_list` int(11) NOT NULL,
  `id_project` int(11) NOT NULL,
  `name` varchar(100) NOT NULL,
  `status` int(11) NOT NULL DEFAULT 0
) ENGINE=InnoDB DEFAULT CHARSET=utf8mb4 COLLATE=utf8mb4_general_ci;

--
-- Dumping data for table `nfr_list`
--

INSERT INTO `nfr_list` (`id_nfr_list`, `id_project`, `name`, `status`) VALUES
(672, 43, 'Interoperability', 2),
(673, 43, 'Time Behavior', 1),
(674, 43, 'Resource Utilization', 0),
(675, 43, 'Capacity', 0),
(676, 43, 'Faultlessness', 0),
(677, 43, 'Availability', 0),
(678, 43, 'Fault Tolerance', 0),
(679, 43, 'Recoverability', 0),
(680, 43, 'Scalability', 0),
(681, 43, 'Confidentiality', 0),
(682, 43, 'Integrity', 0),
(683, 43, 'Non-repudiation', 0),
(685, 43, 'Authenticity', 0),
(686, 43, 'Resistance', 0),
(687, 43, 'Usability', 0),
(688, 43, 'Appropriateness Recognizability', 0),
(689, 43, 'Learnability', 0),
(690, 43, 'Operability', 0),
(691, 43, 'User Error Protection', 0),
(692, 43, 'User engagement', 0),
(693, 43, 'Inclusivity', 0),
(694, 43, 'User assistance', 0),
(695, 43, 'Self-descriptiveness', 0),
(696, 43, 'Privacy', 0),
(697, 43, 'Accountability', 0),
(698, 43, 'Adaptability', 1),
(699, 44, 'Availability', 0),
(700, 44, 'Time Behavior', 0),
(701, 44, 'Resource Utilization', 0),
(702, 44, 'Capacity', 0),
(703, 44, 'Faultlessness', 0),
(704, 44, 'Fault Tolerance', 0),
(705, 44, 'Recoverability', 0),
(706, 44, 'Operational constraint', 0),
(707, 44, 'Risk identification', 0),
(708, 44, 'Fail safe', 0),
(709, 44, 'Hazard warning', 0),
(710, 44, 'Safe integration', 0),
(711, 44, 'Usability', 0),
(712, 44, 'Appropriateness Recognizability', 0),
(713, 44, 'Learnability', 0),
(714, 44, 'Operability', 0),
(715, 44, 'User Error Protection', 0),
(716, 44, 'User engagement', 0),
(717, 44, 'Inclusivity', 0),
(718, 44, 'User assistance', 0),
(719, 44, 'Self-descriptiveness', 0),
(720, 44, 'Interoperability', 0),
(721, 44, 'Privacy', 0),
(722, 44, 'Scalability', 0),
(723, 44, 'Integrity', 0),
(724, 44, 'Confidentiality', 0),
(725, 44, 'Non-repudiation', 0),
(726, 44, 'Accountability', 0),
(727, 44, 'Authenticity', 0),
(728, 44, 'Resistance', 0),
(729, 45, 'Interoperability', 2),
(730, 45, 'Time Behavior', 2),
(731, 45, 'Resource Utilization', 0),
(732, 45, 'Capacity', 0),
(733, 45, 'Faultlessness', 0),
(734, 45, 'Availability', 0),
(735, 45, 'Fault Tolerance', 0),
(736, 45, 'Recoverability', 0),
(737, 45, 'Scalability', 0),
(738, 45, 'Confidentiality', 2),
(739, 45, 'Integrity', 2),
(740, 45, 'Non-repudiation', 0),
(741, 45, 'Accountability', 0),
(742, 45, 'Authenticity', 2),
(743, 45, 'Resistance', 0),
(745, 45, 'Appropriateness Recognizability', 0),
(746, 45, 'Learnability', 0),
(747, 45, 'Operability', 2),
(748, 45, 'User Error Protection', 0),
(749, 45, 'User engagement', 0),
(750, 45, 'Inclusivity', 0),
(751, 45, 'User assistance', 0),
(752, 45, 'Self-descriptiveness', 0),
(753, 45, 'Installability', 0),
(754, 45, 'Correctness', 0),
(755, 45, 'Adaptability', 0),
(756, 45, 'Risk identification', 0),
(757, 45, 'Hazard warning', 0),
(758, 45, 'Completeness', 0),
(759, 45, 'Testability', 0),
(760, 46, 'Interoperability', 2),
(761, 46, 'Time Behavior', 0),
(762, 46, 'Resource Utilization', 0),
(763, 46, 'Capacity', 0),
(764, 46, 'Faultlessness', 2),
(765, 46, 'Availability', 2),
(766, 46, 'Fault Tolerance', 0),
(767, 46, 'Recoverability', 0),
(768, 46, 'Scalability', 0),
(769, 46, 'Confidentiality', 2),
(770, 46, 'Integrity', 2),
(771, 46, 'Non-repudiation', 0),
(773, 46, 'Authenticity', 0),
(774, 46, 'Resistance', 0),
(776, 46, 'Appropriateness Recognizability', 2),
(777, 46, 'Learnability', 2),
(778, 46, 'Operability', 2),
(779, 46, 'User Error Protection', 2),
(780, 46, 'User engagement', 2),
(781, 46, 'Inclusivity', 0),
(782, 46, 'User assistance', 0),
(783, 46, 'Self-descriptiveness', 0),
(784, 46, 'Privacy', 0),
(785, 46, 'Accountability', 0),
(786, 43, 'Accuracy', 1),
(787, 47, 'Accuracy', 1),
(788, 47, 'Confidentiality', 2),
(789, 47, 'Time Behavior', 2),
(790, 47, 'Resource Utilization', 0),
(791, 47, 'Capacity', 0),
(792, 47, 'Privacy', 0),
(793, 47, 'Provability', 0),
(794, 47, 'Reusability', 0),
(795, 47, 'Integrity', 0),
(796, 47, 'Non-repudiation', 0),
(797, 47, 'Accountability', 0),
(798, 47, 'Authenticity', 0),
(799, 47, 'Resistance', 0),
(800, 47, 'Standardizability', 0),
(801, 47, 'Usability', 0),
(802, 47, 'Verifiability', 0),
(803, 47, 'Viability', 0),
(804, 47, 'Appropriateness Recognizability', 0),
(805, 47, 'Learnability', 0),
(806, 47, 'Operability', 0),
(807, 47, 'User Error Protection', 0),
(808, 47, 'User engagement', 0),
(809, 47, 'Inclusivity', 0),
(810, 47, 'User assistance', 0),
(811, 47, 'Self-descriptiveness', 0),
(812, 47, 'Co-existence', 0),
(813, 47, 'Interoperability', 0),
(814, 47, 'Completeness', 0),
(815, 47, 'Conformance', 0),
(816, 47, 'Extensibility', 0),
(817, 47, 'Installability', 0),
(818, 47, 'Portability', 0),
(819, 47, 'Dependability', 0),
(820, 47, 'Modularity', 0),
(821, 47, 'Analysability', 0),
(822, 47, 'Modifiability', 0),
(823, 47, 'Testability', 0),
(824, 47, 'Availability', 0),
(825, 47, 'Operational constraint', 0),
(826, 47, 'Risk identification', 0),
(827, 47, 'Fail safe', 0),
(828, 47, 'Hazard warning', 0),
(829, 47, 'Safe integration', 0),
(831, 48, 'Confidentiality', 0),
(832, 48, 'Integrity', 0),
(833, 48, 'Time Behavior', 0),
(834, 48, 'Resource Utilization', 0),
(835, 48, 'Capacity', 0),
(836, 48, 'Privacy', 0),
(837, 48, 'Faultlessness', 2),
(838, 48, 'Availability', 2),
(839, 48, 'Fault Tolerance', 0),
(840, 48, 'Recoverability', 0),
(841, 48, 'Operational constraint', 0),
(842, 48, 'Risk identification', 0),
(843, 48, 'Fail safe', 1),
(845, 48, 'Safe integration', 0),
(846, 48, 'Non-repudiation', 0),
(847, 48, 'Accountability', 0),
(848, 48, 'Authenticity', 0),
(849, 48, 'Resistance', 0),
(850, 48, 'Traceability', 0),
(851, 48, 'Usability', 0),
(853, 48, 'Learnability', 0),
(854, 48, 'Operability', 0),
(855, 48, 'User Error Protection', 0),
(856, 48, 'User engagement', 0),
(858, 48, 'User assistance', 0),
(859, 48, 'Self-descriptiveness', 0),
(860, 48, 'Interoperability', 0),
(861, 48, 'Scalability', 0),
(862, 48, 'Correctness', 0),
(863, 49, 'Co-existence', 0),
(864, 49, 'Interoperability', 0),
(865, 49, 'Conformance', 0),
(866, 49, 'Dependability', 0),
(867, 49, 'Installability', 0),
(868, 49, 'Modularity', 0),
(869, 49, 'Reusability', 0),
(870, 49, 'Analysability', 0),
(871, 49, 'Modifiability', 0),
(872, 49, 'Testability', 0),
(873, 49, 'Time Behavior', 0),
(874, 49, 'Resource Utilization', 0),
(875, 49, 'Capacity', 0),
(876, 49, 'Portability', 0),
(877, 49, 'Faultlessness', 0),
(878, 49, 'Availability', 0),
(879, 49, 'Fault Tolerance', 0),
(880, 49, 'Recoverability', 0),
(881, 49, 'Usability', 0),
(882, 49, 'Appropriateness Recognizability', 0),
(883, 49, 'Learnability', 0),
(884, 49, 'Operability', 0),
(885, 49, 'User Error Protection', 0),
(886, 49, 'User engagement', 0),
(887, 49, 'Inclusivity', 0),
(888, 49, 'User assistance', 0),
(889, 49, 'Self-descriptiveness', 0),
(890, 49, 'Completeness', 0),
(891, 49, 'Extensibility', 0),
(892, 49, 'Integrity', 0),
(893, 49, 'Accuracy', 0),
(894, 49, 'Confidentiality', 0),
(895, 49, 'Verifiability', 0),
(896, 49, 'Operational constraint', 0),
(897, 49, 'Risk identification', 0),
(898, 49, 'Fail safe', 0),
(899, 49, 'Hazard warning', 0),
(900, 49, 'Safe integration', 0),
(901, 50, 'Communicativeness', 0),
(902, 50, 'Confidentiality', 0),
(903, 50, 'Integrity', 0),
(904, 50, 'Time Behavior', 0),
(905, 50, 'Resource Utilization', 0),
(906, 50, 'Capacity', 0),
(907, 50, 'Privacy', 0),
(908, 50, 'Faultlessness', 0),
(909, 50, 'Availability', 0),
(910, 50, 'Fault Tolerance', 0),
(911, 50, 'Recoverability', 0),
(912, 50, 'Operational constraint', 0),
(913, 50, 'Risk identification', 0),
(914, 50, 'Fail safe', 0),
(915, 50, 'Hazard warning', 0),
(916, 50, 'Safe integration', 0),
(917, 50, 'Non-repudiation', 2),
(918, 50, 'Accountability', 0),
(919, 50, 'Authenticity', 2),
(920, 50, 'Resistance', 0),
(921, 50, 'Traceability', 0),
(922, 50, 'Usability', 0),
(923, 50, 'Appropriateness Recognizability', 0),
(924, 50, 'Learnability', 2),
(925, 50, 'Operability', 2),
(926, 50, 'User Error Protection', 1),
(927, 50, 'User engagement', 0),
(928, 50, 'Inclusivity', 0),
(929, 50, 'User assistance', 0),
(930, 50, 'Self-descriptiveness', 0),
(931, 50, 'Interoperability', 0),
(932, 50, 'Scalability', 0),
(933, 51, 'Accuracy', 0),
(934, 51, 'Confidentiality', 1),
(935, 51, 'Time Behavior', 1),
(936, 51, 'Resource Utilization', 1),
(937, 51, 'Capacity', 1),
(938, 51, 'Privacy', 1),
(939, 51, 'Provability', 0),
(940, 51, 'Reusability', 0),
(941, 51, 'Integrity', 0),
(942, 51, 'Non-repudiation', 0),
(944, 51, 'Authenticity', 0),
(945, 51, 'Resistance', 0),
(946, 51, 'Standardizability', 0),
(947, 51, 'Usability', 0),
(948, 51, 'Verifiability', 0),
(949, 51, 'Viability', 0),
(950, 51, 'Appropriateness Recognizability', 0),
(951, 51, 'Learnability', 0),
(952, 51, 'Operability', 0),
(953, 51, 'User Error Protection', 0),
(954, 51, 'User engagement', 0),
(955, 51, 'Inclusivity', 0),
(956, 51, 'User assistance', 0),
(957, 51, 'Self-descriptiveness', 0),
(958, 51, 'Faultlessness', 0),
(959, 51, 'Availability', 0),
(960, 51, 'Fault Tolerance', 0),
(961, 51, 'Recoverability', 0),
(962, 51, 'Interoperability', 0),
(963, 51, 'Traceability', 1),
(964, 51, 'Correctness', 0),
(965, 51, 'Adaptability', 1),
(966, 52, 'Communicativeness', 0),
(967, 52, 'Confidentiality', 2),
(968, 52, 'Integrity', 0),
(969, 52, 'Time Behavior', 0),
(970, 52, 'Resource Utilization', 0),
(971, 52, 'Capacity', 0),
(972, 52, 'Privacy', 0),
(973, 52, 'Faultlessness', 2),
(974, 52, 'Availability', 2),
(975, 52, 'Fault Tolerance', 2),
(976, 52, 'Recoverability', 2),
(977, 52, 'Operational constraint', 0),
(978, 52, 'Risk identification', 0),
(979, 52, 'Fail safe', 0),
(980, 52, 'Hazard warning', 0),
(981, 52, 'Safe integration', 0),
(982, 52, 'Non-repudiation', 0),
(983, 52, 'Accountability', 2),
(985, 52, 'Resistance', 0),
(986, 52, 'Traceability', 0),
(987, 52, 'Usability', 0),
(988, 52, 'Appropriateness Recognizability', 2),
(989, 52, 'Learnability', 2),
(990, 52, 'Operability', 2),
(991, 52, 'User Error Protection', 2),
(992, 52, 'User engagement', 0),
(993, 52, 'Inclusivity', 0),
(994, 52, 'User assistance', 0),
(995, 52, 'Self-descriptiveness', 0),
(996, 52, 'Interoperability', 2),
(997, 52, 'Scalability', 0),
(998, 52, 'Authenticity', 0),
(999, 53, 'Interoperability', 0),
(1000, 53, 'Time Behavior', 0),
(1001, 53, 'Resource Utilization', 0),
(1002, 53, 'Capacity', 0),
(1003, 53, 'Faultlessness', 0),
(1004, 53, 'Availability', 0),
(1005, 53, 'Fault Tolerance', 0),
(1006, 53, 'Recoverability', 0),
(1007, 53, 'Scalability', 0),
(1008, 53, 'Confidentiality', 0),
(1009, 53, 'Integrity', 0),
(1010, 53, 'Non-repudiation', 0),
(1011, 53, 'Accountability', 0),
(1012, 53, 'Authenticity', 0),
(1013, 53, 'Resistance', 0),
(1014, 53, 'Usability', 0),
(1015, 53, 'Appropriateness Recognizability', 0),
(1016, 53, 'Learnability', 0),
(1017, 53, 'Operability', 0),
(1018, 53, 'User Error Protection', 0),
(1019, 53, 'User engagement', 0),
(1020, 53, 'Inclusivity', 0),
(1021, 53, 'User assistance', 0),
(1022, 53, 'Self-descriptiveness', 0),
(1023, 53, 'Privacy', 0),
(1403, 69, 'Co-existence', 0),
(1404, 69, 'Interoperability', 0),
(1405, 69, 'Completeness', 0),
(1406, 69, 'Conformance', 0),
(1407, 69, 'Extensibility', 0),
(1408, 69, 'Installability', 0),
(1409, 69, 'Portability', 0),
(1410, 69, 'Dependability', 0),
(1411, 69, 'Modularity', 0),
(1412, 69, 'Reusability', 0),
(1413, 69, 'Analysability', 0),
(1414, 69, 'Modifiability', 0),
(1415, 69, 'Testability', 0),
(1416, 69, 'Integrity', 0),
(1417, 69, 'Accuracy', 0),
(1418, 69, 'Confidentiality', 0),
(1419, 69, 'Verifiability', 0),
(1420, 69, 'Availability', 0),
(1421, 69, 'Time Behavior', 0),
(1422, 69, 'Resource Utilization', 0),
(1423, 69, 'Capacity', 0),
(1424, 69, 'Operational constraint', 0),
(1425, 69, 'Risk identification', 0),
(1426, 69, 'Fail safe', 0),
(1427, 69, 'Hazard warning', 0),
(1428, 69, 'Safe integration', 0),
(1429, 44, 'Accessibility', 2),
(1456, 69, 'Accessibility', 2),
(1483, 72, 'Co-existence', 0),
(1484, 72, 'Interoperability', 0),
(1485, 72, 'Completeness', 0),
(1486, 72, 'Conformance', 0),
(1487, 72, 'Extensibility', 0),
(1488, 72, 'Installability', 0),
(1489, 72, 'Portability', 0),
(1490, 72, 'Dependability', 0),
(1491, 72, 'Modularity', 0),
(1492, 72, 'Reusability', 0),
(1493, 72, 'Analysability', 0),
(1494, 72, 'Modifiability', 0),
(1495, 72, 'Testability', 0),
(1496, 72, 'Integrity', 0),
(1497, 72, 'Accuracy', 0),
(1498, 72, 'Confidentiality', 0),
(1499, 72, 'Verifiability', 0),
(1500, 72, 'Availability', 0),
(1501, 72, 'Time Behavior', 0),
(1502, 72, 'Resource Utilization', 0),
(1503, 72, 'Capacity', 0),
(1504, 72, 'Operational constraint', 0),
(1505, 72, 'Risk identification', 0),
(1506, 72, 'Fail safe', 0),
(1507, 72, 'Hazard warning', 0),
(1508, 72, 'Safe integration', 0),
(1509, 72, 'Accessibility', 0);

-- --------------------------------------------------------

--
-- Table structure for table `nfr_user_story`
--

CREATE TABLE `nfr_user_story` (
  `id_us_nfr` int(11) NOT NULL,
  `id_us_fr` int(11) NOT NULL,
  `id_project` int(11) NOT NULL,
  `nfr` text NOT NULL,
  `description` text NOT NULL
) ENGINE=InnoDB DEFAULT CHARSET=utf8mb4 COLLATE=utf8mb4_general_ci;

--
-- Dumping data for table `nfr_user_story`
--

INSERT INTO `nfr_user_story` (`id_us_nfr`, `id_us_fr`, `id_project`, `nfr`, `description`) VALUES
(145, 69, 45, '729', ''),
(146, 69, 45, '730', ''),
(147, 69, 45, '738', ''),
(148, 69, 45, '739', ''),
(149, 69, 45, '742', ''),
(150, 69, 45, '747', ''),
(599, 96, 43, '', ''),
(605, 68, 43, '672', ''),
(606, 68, 43, '673', ''),
(607, 68, 43, '698', ''),
(608, 95, 43, '698', ''),
(609, 95, 43, '786', ''),
(613, 97, 47, '787', ''),
(614, 97, 47, '788', ''),
(615, 97, 47, '789', ''),
(616, 70, 46, '760', 'As a research coordinator,\r\nI want the system to seamlessly integrate and exchange data with the academic system for automatic retrieval of student data,\r\nSo that only the active student can access the period\r\n\r\n'),
(617, 70, 46, '764', 'As a research coordinator, I want to be able to manage the research topic submission period without any errors,\r\nSo that I can complete tasks quickly without frustration and students can submit their research topics reliably and on time\r\n'),
(618, 70, 46, '765', 'As a research coordinator, I want to be able to manage the research topic submission period to be operational and accessible 99.99% when required for use,\r\nSo that I can access it anytime'),
(619, 70, 46, '769', 'As a research coordinator, I want to be able to manage the research topic submission period for my class only,\r\nSo that only authorized coordinator can access their own class'),
(620, 70, 46, '776', 'As a research coordinator, I want the system or product  to be able to manage the research topic submission period in a way that makes its purpose and appropriateness easily recognizable,\r\nSo that I can quickly determine whether it meets my needs and is suitable for the intended use'),
(621, 70, 46, '777', 'As a research coordinator, I want to be able to learn easily and easy to use with minimal guidance how to manage the research topic submission period,\r\nSo that I can quickly understand and complete tasks without extensive training or support'),
(622, 70, 46, '778', 'As a research coordinator, I want to operate and control easily on how to manage the research topic submission period,\r\nSo that I can complete tasks with a smooth experience without unnecessary complexity or technical issues'),
(623, 70, 46, '779', 'As a research coordinator, I want to manage the research topic submission period with less or no error,\r\nSo that I can complete tasks accurately without needing significant revisions'),
(624, 70, 46, '780', 'As a research coordinator, I want to manage the research topic submission period with harmonious color, an intuitive user interface, and user user-friendly,\r\nSo that it can increase the pleasure, and satisfaction of the user, and encourage continued interaction'),
(625, 71, 46, '764', 'As a student and lecturer,\r\nI want to propose the research topic without errors or failures,\r\nSo that I can complete my tasks accurately and efficiently without experiencing disruptions or data loss'),
(626, 71, 46, '765', 'As a student and lecturer,\r\nI want to propose the research topic to be available and accessible when needed,\r\nSo that I can access it anytime'),
(627, 71, 46, '776', 'As a student and lecturer,\r\nI want the system or product to propose the research topic in a way that makes its purpose and appropriateness easily recognizable,\r\nSo that I can quickly determine whether it meets my needs and is suitable for the intended use\r\n'),
(628, 71, 46, '777', 'As a student and lecturer,\r\nI want the system to be easy to learn and understand on how to propose the research topic,\r\nSo that I can quickly understand and complete tasks without extensive training or support'),
(629, 71, 46, '778', 'As a student and lecturer,\r\nI want the system to be easy to operate and manage on how to propose the research topic,\r\nSo that I can efficiently perform tasks and control the system with minimal effort and complexity'),
(630, 71, 46, '779', 'As a student and lecturer,\r\nI want the system to protect me from making errors and provide safeguards against mistakes on how to propose the research topic,\r\nSo that I can work confidently without risking unintended data loss or operational issues'),
(631, 71, 46, '780', 'As a student and lecturer,\r\nI want the system to actively engage and motivate me to interact with it regularly on how to propose the research topic, \r\nSo that I stay actively involved and make full use of its features and benefits'),
(632, 72, 46, '764', 'As a student,\r\nI want to view the proposed research topic status without errors or failures,\r\nSo that I can complete my tasks accurately and efficiently without experiencing disruptions or data loss'),
(633, 72, 46, '765', 'As a student,\r\nI want to view the proposed research topic status to be available and accessible when needed,\r\nSo that I can access it anytime'),
(634, 72, 46, '769', 'As a student,\r\nI want the system to protect my data from unauthorized access and ensure that it remains confidential to view the proposed research topic status,\r\nSo that my personal and sensitive information is kept secure and private'),
(635, 72, 46, '776', 'As a student,\r\nI want the system or product to view the proposed research topic status in a way that makes its purpose and appropriateness easily recognizable,\r\nSo thatI can quickly determine whether it meets my needs and is suitable for the intended use'),
(636, 72, 46, '777', 'As a student, \r\nI want the system to be easy to learn and understand on how to view the proposed research topic status,\r\nSo that I can quickly understand and complete tasks without extensive training or support'),
(637, 72, 46, '778', 'As a student, \r\nI want the system to be easy to operate and manage on how to view the proposed research topic status,\r\nSo that I can efficiently perform tasks and control the system with minimal effort and complexity'),
(638, 72, 46, '779', 'As a student, \r\nI want the system to protect me from making errors and provide safeguards against mistakes on how to view the proposed research topic status\r\nSo that I can work confidently without risking unintended data loss or operational issues'),
(639, 72, 46, '780', 'As a student, \r\nI want the system to actively engage and motivate me to interact with it regularly on how to view the proposed research topic status,\r\nSo that I stay actively involved and make full use of its features and benefits'),
(640, 73, 46, '764', 'As a student,\r\nI want to take the acceptance research topic without errors or failures,\r\nSo that I can complete my tasks accurately and efficiently without experiencing disruptions or data loss'),
(641, 73, 46, '765', 'As a student,\r\nI want to  take the acceptance research topic to be available and accessible when needed,\r\nSo that I can access it anytime'),
(642, 73, 46, '769', 'As a student,\r\nI want the system to protect my data from unauthorized access and ensure that it remains confidential to take the acceptance research topic,\r\nSo that my personal and sensitive information is kept secure and private'),
(643, 73, 46, '776', 'As a student,\r\nI want to take the acceptance research topic in a way that makes its purpose and appropriateness easily recognizable,\r\nSo that I can quickly determine whether it meets my needs and is suitable for the intended use'),
(644, 73, 46, '777', 'As a student, \r\nI want the system to be easy to learn and understand on how to take the acceptance research topic,\r\nSo that I can quickly understand and complete tasks without extensive training or support'),
(645, 73, 46, '778', 'As a student, \r\nI want the system to be easy to operate and manage on how to take the acceptance research topic,\r\nSo that I can efficiently perform tasks and control the system with minimal effort and complexity'),
(646, 73, 46, '779', 'As a student, \r\nI want the system to protect me from making errors and provide safeguards against mistakes on how to take the acceptance research topic,\r\nSo that I can work confidently without risking unintended data loss or operational issues'),
(647, 73, 46, '780', 'As a student, \r\nI want the system to actively engage and motivate me to interact with it regularly on how to take the acceptance research topic,\r\nSo that I stay actively involved and make full use of its features and benefits'),
(648, 74, 46, '764', 'As a student,\r\nI want to fill out the research logbook without errors or failures,\r\nSo that I can complete my tasks accurately and efficiently without experiencing disruptions or data loss'),
(649, 74, 46, '765', 'As a student,\r\nI want to fill out the research logbook to be available and accessible when needed,\r\nSo that I can access it anytime'),
(650, 74, 46, '769', 'As a student,\r\nI want the system to protect my data from unauthorized access and ensure that it remains confidential to fill out the research logbook,\r\nSo that my personal and sensitive information is kept secure and private'),
(651, 74, 46, '776', 'As a student,\r\nI want to fill out the research logbook in a way that makes its purpose and appropriateness easily recognizable,\r\nSo that I can quickly determine whether it meets my needs and is suitable for the intended use'),
(652, 74, 46, '777', 'As a student, \r\nI want the system to be easy to learn and understand on how to fill out the research logbook,\r\nSo that I can quickly understand and complete tasks without extensive training or support'),
(653, 74, 46, '778', 'As a student, \r\nI want the system to be easy to operate and manage on how to fill out the research logbook,\r\nSo that I can efficiently perform tasks and control the system with minimal effort and complexity'),
(654, 74, 46, '779', 'As a student, \r\nI want the system to protect me from making errors and provide safeguards against mistakes on how to fill out the research logbook,\r\nSo that I can work confidently without risking unintended data loss or operational issues'),
(655, 74, 46, '780', 'As a student, \r\nI want the system to actively engage and motivate me to interact with it regularly on how to fill out the research logbook,\r\nSo that I stay actively involved and make full use of its features and benefits'),
(656, 75, 46, '764', 'As a student,\r\nI want to view my logbook status without errors or failures,\r\nSo that I can complete my tasks accurately and efficiently without experiencing disruptions or data loss'),
(657, 75, 46, '765', 'As a student,\r\nI want to view my logbook status to be available and accessible when needed,\r\nSo that I can access it anytime'),
(658, 75, 46, '769', 'As a student,\r\nI want the system to protect my data from unauthorized access and ensure that it remains confidential to view my logbook status,\r\nSo that my personal and sensitive information is kept secure and private'),
(659, 75, 46, '776', 'As a student,\r\nI want to view my logbook status in a way that makes its purpose and appropriateness easily recognizable,\r\nSo that I can quickly determine whether it meets my needs and is suitable for the intended use'),
(660, 75, 46, '777', 'As a student, \r\nI want the system to be easy to learn and understand on how to view my logbook status,\r\nSo that I can quickly understand and complete tasks without extensive training or support'),
(661, 75, 46, '778', 'As a student, \r\nI want the system to be easy to operate and manage on how to view my logbook status,\r\nSo that I can efficiently perform tasks and control the system with minimal effort and complexity'),
(662, 75, 46, '779', 'As a student, \r\nI want the system to protect me from making errors and provide safeguards against mistakes on how to view my logbook status,\r\nSo that I can work confidently without risking unintended data loss or operational issues'),
(663, 75, 46, '780', 'As a student, \r\nI want the system to actively engage and motivate me to interact with it regularly on how to view my logbook status,\r\nSo that I stay actively involved and make full use of its features and benefits'),
(664, 76, 46, '764', 'As a student,\r\nI want to submit a proposal or final review without errors or failures,\r\nSo that I can complete my tasks accurately and efficiently without experiencing disruptions or data loss'),
(665, 76, 46, '765', 'As a student,\r\nI want to submit a proposal or final review to be available and accessible when needed,\r\nSo that I can access it anytime'),
(666, 76, 46, '769', 'As a student,\r\nI want the system to protect my data from unauthorized access and ensure that it remains confidential to submit a proposal or final review,\r\nSo that my personal and sensitive information is kept secure and private'),
(667, 76, 46, '776', 'As a student,\r\nI want to submit a proposal or final review in a way that makes its purpose and appropriateness easily recognizable,\r\nSo that I can quickly determine whether it meets my needs and is suitable for the intended use'),
(668, 76, 46, '777', 'As a student, \r\nI want the system to be easy to learn and understand on how to submit a proposal or final review,\r\nSo that I can quickly understand and complete tasks without extensive training or support'),
(669, 76, 46, '778', 'As a student, \r\nI want the system to be easy to operate and manage on how to submit a proposal or final review,\r\nSo that I can efficiently perform tasks and control the system with minimal effort and complexity'),
(670, 76, 46, '779', 'As a student, \r\nI want the system to protect me from making errors and provide safeguards against mistakes on how to submit a proposal or final review,\r\nSo that I can work confidently without risking unintended data loss or operational issues'),
(671, 76, 46, '780', 'As a student, \r\nI want the system to actively engage and motivate me to interact with it regularly on how to submit a proposal or final review,\r\nSo that I stay actively involved and make full use of its features and benefits'),
(672, 77, 46, '764', 'As a student,\r\nI want to view a proposal or final review status without errors or failures,\r\nSo that I can complete my tasks accurately and efficiently without experiencing disruptions or data loss'),
(673, 77, 46, '765', 'As a student,\r\nI want to view a proposal or final review status to be available and accessible when needed,\r\nSo that I can access it anytime'),
(674, 77, 46, '769', 'As a student,\r\nI want the system to protect my data from unauthorized access and ensure that it remains confidential to view a proposal or final review status,\r\nSo that my personal and sensitive information is kept secure and private'),
(675, 77, 46, '776', 'As a student,\r\nI want to view a proposal or final review status  in a way that makes its purpose and appropriateness easily recognizable,\r\nSo that I can quickly determine whether it meets my needs and is suitable for the intended use'),
(676, 77, 46, '777', 'As a student, \r\nI want the system to be easy to learn and understand on how to view a proposal or final review status,\r\nSo that I can quickly understand and complete tasks without extensive training or support'),
(677, 77, 46, '778', 'As a student, \r\nI want the system to be easy to operate and manage on how to view a proposal or final review status,\r\nSo that I can efficiently perform tasks and control the system with minimal effort and complexity'),
(678, 77, 46, '779', 'As a student, \r\nI want the system to protect me from making errors and provide safeguards against mistakes on how to view a proposal or final review status,\r\nSo that I can work confidently without risking unintended data loss or operational issues'),
(679, 77, 46, '780', 'As a student, \r\nI want the system to actively engage and motivate me to interact with it regularly on how to view a proposal or final review status,\r\nSo that I stay actively involved and make full use of its features and benefits'),
(680, 78, 46, '764', 'As a student,\r\nI want to fill out the proposal or final review schedule without errors or failures,\r\nSo that I can complete my tasks accurately and efficiently without experiencing disruptions or data loss'),
(681, 78, 46, '765', 'As a student,\r\nI want to fill out the proposal or final review schedule to be available and accessible when needed,\r\nSo that I can access it anytime'),
(682, 78, 46, '769', 'As a student,\r\nI want the system to protect my data from unauthorized access and ensure that it remains confidential to fill out the proposal or final review schedule,\r\nSo that my personal and sensitive information is kept secure and private'),
(683, 78, 46, '776', 'As a student,\r\nI want to fill out the proposal or final review schedule in a way that makes its purpose and appropriateness easily recognizable,\r\nSo that I can quickly determine whether it meets my needs and is suitable for the intended use'),
(684, 78, 46, '777', 'As a student, \r\nI want the system to be easy to learn and understand on how to fill out the proposal or final review schedule,\r\nSo that I can quickly understand and complete tasks without extensive training or support'),
(685, 78, 46, '778', 'As a student, \r\nI want the system to be easy to operate and manage on how to fill out the proposal or final review schedule,\r\nSo that I can efficiently perform tasks and control the system with minimal effort and complexity'),
(686, 78, 46, '779', 'As a student, \r\nI want the system to protect me from making errors and provide safeguards against mistakes on how to fill out the proposal or final review schedule,\r\nSo that I can work confidently without risking unintended data loss or operational issues'),
(687, 78, 46, '780', 'As a student, \r\nI want the system to actively engage and motivate me to interact with it regularly on how to fill out the proposal or final review schedule,\r\nSo that I stay actively involved and make full use of its features and benefits'),
(688, 79, 46, '764', 'As a supervisor,\r\nI want to accept or reject the research logbook without errors or failures,\r\nSo that I can complete my tasks accurately and efficiently without experiencing disruptions or data loss'),
(689, 79, 46, '765', 'As a supervisor,\r\nI want to accept or reject the research logbook to be available and accessible when needed,\r\nSo that I can access it anytime'),
(690, 79, 46, '769', 'As a supervisor,\r\nI want the system to protect my data from unauthorized access and ensure that it remains confidential to accept or reject the research logbook,\r\nSo that my personal and sensitive information is kept secure and private'),
(691, 79, 46, '776', 'As a supervisor,\r\nI want to accept or reject the research logbook in a way that makes its purpose and appropriateness easily recognizable,\r\nSo that I can quickly determine whether it meets my needs and is suitable for the intended use'),
(692, 79, 46, '777', 'As a supervisor, \r\nI want the system to be easy to learn and understand on how to accept or reject the research logbook,\r\nSo that I can quickly understand and complete tasks without extensive training or support'),
(693, 79, 46, '778', 'As a supervisor, \r\nI want the system to be easy to operate and manage on how to accept or reject the research logbook,\r\nSo that I can efficiently perform tasks and control the system with minimal effort and complexity'),
(694, 79, 46, '779', 'As a supervisor, \r\nI want the system to protect me from making errors and provide safeguards against mistakes on how to accept or reject the research logbook,\r\nSo that I can work confidently without risking unintended data loss or operational issues'),
(695, 79, 46, '780', 'As a supervisor, \r\nI want the system to actively engage and motivate me to interact with it regularly on how to accept or reject the research logbook,\r\nSo that I stay actively involved and make full use of its features and benefits'),
(696, 80, 46, '764', 'As a supervisor,\r\nI want to add the number of supervising schedules without errors or failures,\r\nSo that I can complete my tasks accurately and efficiently without experiencing disruptions or data loss'),
(697, 80, 46, '776', 'As a supervisor,\r\nI want to add the number of supervising schedules in a way that makes its purpose and appropriateness easily recognizable,\r\nSo that I can quickly determine whether it meets my needs and is suitable for the intended use'),
(698, 80, 46, '777', 'As a supervisor, \r\nI want the system to be easy to learn and understand on how to add the number of supervising schedules,\r\nSo that I can quickly understand and complete tasks without extensive training or support'),
(699, 80, 46, '778', 'As a supervisor, \r\nI want the system to be easy to operate and manage on how to add the number of supervising schedules,\r\nSo that I can efficiently perform tasks and control the system with minimal effort and complexity'),
(700, 80, 46, '779', 'As a supervisor, \r\nI want the system to protect me from making errors and provide safeguards against mistakes on how to add the number of supervising schedules,\r\nSo that I can work confidently without risking unintended data loss or operational issues'),
(701, 80, 46, '780', 'As a supervisor, \r\nI want the system to actively engage and motivate me to interact with it regularly on how to add the number of supervising schedules,\r\nSo that I stay actively involved and make full use of its features and benefits'),
(702, 81, 46, '764', 'As a supervisor,\r\nI want to accept or reject the proposal or final review submission without errors or failures,\r\nSo that I can complete my tasks accurately and efficiently without experiencing disruptions or data loss'),
(703, 81, 46, '765', 'As a supervisor,\r\nI want to accept or reject the proposal or final review submission to be available and accessible when needed,\r\nSo that I can access it anytime'),
(704, 81, 46, '769', 'As a supervisor,\r\nI want the system to protect my data from unauthorized access and ensure that it remains confidential to accept or reject the proposal or final review submission,\r\nSo that my personal and sensitive information is kept secure and private'),
(705, 81, 46, '776', 'As a supervisor,\r\nI want to accept or reject the proposal or final review submission in a way that makes its purpose and appropriateness easily recognizable,\r\nSo that I can quickly determine whether it meets my needs and is suitable for the intended use'),
(706, 81, 46, '777', 'As a supervisor, \r\nI want the system to be easy to learn and understand on how to accept or reject the proposal or final review submission,\r\nSo that I can quickly understand and complete tasks without extensive training or support'),
(707, 81, 46, '778', 'As a supervisor, \r\nI want the system to be easy to operate and manage on how to accept or reject the proposal or final review submission,\r\nSo that I can efficiently perform tasks and control the system with minimal effort and complexity'),
(708, 81, 46, '779', 'As a supervisor, \r\nI want the system to protect me from making errors and provide safeguards against mistakes on how to accept or reject the proposal or final review submission,\r\nSo that I can work confidently without risking unintended data loss or operational issues'),
(709, 81, 46, '780', 'As a supervisor, \r\nI want the system to actively engage and motivate me to interact with it regularly on how to accept or reject the proposal or final review submission,\r\nSo that I stay actively involved and make full use of its features and benefits'),
(710, 83, 46, '764', 'As a supervisor and examiner,\r\nI want to add minutes of the proposal or final review without errors or failures,\r\nSo that I can complete my tasks accurately and efficiently without experiencing disruptions or data loss'),
(711, 83, 46, '765', 'As a supervisor and examiner,\r\nI want to add minutes of the proposal or final review to be available and accessible when needed,\r\nSo that I can access it anytime'),
(712, 83, 46, '769', 'As a supervisor and examiner,\r\nI want the system to protect my data from unauthorized access and ensure that it remains confidential to add minutes of the proposal or final review,\r\nSo that my personal and sensitive information is kept secure and private'),
(713, 83, 46, '776', 'As a supervisor and examiner,\r\nI want to add minutes of the proposal or final review in a way that makes its purpose and appropriateness easily recognizable,\r\nSo that I can quickly determine whether it meets my needs and is suitable for the intended use'),
(714, 83, 46, '777', 'As a supervisor and examiner,\r\nI want the system to be easy to learn and understand on how to add minutes of the proposal or final review,\r\nSo that I can quickly understand and complete tasks without extensive training or support'),
(715, 83, 46, '778', 'As a supervisor and examiner,\r\nI want the system to be easy to operate and manage on how to add minutes of the proposal or final review,\r\nSo that I can efficiently perform tasks and control the system with minimal effort and complexity'),
(716, 83, 46, '779', 'As a supervisor and examiner,\r\nI want the system to protect me from making errors and provide safeguards against mistakes on how to add minutes of the proposal or final review,\r\nSo that I can work confidently without risking unintended data loss or operational issues'),
(717, 83, 46, '780', 'As a supervisor and examiner,\r\nI want the system to actively engage and motivate me to interact with it regularly on how to add minutes of the proposal or final review,\r\nSo that I stay actively involved and make full use of its features and benefits'),
(718, 84, 46, '764', 'As a supervisor and examiner,\r\nI want to add a mark to the proposal or final review without errors or failures,\r\nSo that I can complete my tasks accurately and efficiently without experiencing disruptions or data loss'),
(719, 84, 46, '765', 'As a supervisor and examiner,\r\nI want to add a mark to the proposal or final review to be available and accessible when needed,\r\nSo that I can access it anytime'),
(720, 84, 46, '769', 'As a supervisor and examiner,\r\nI want the system to protect my data from unauthorized access and ensure that it remains confidential to add a mark to the proposal or final review,\r\nSo that my personal and sensitive information is kept secure and private'),
(721, 84, 46, '770', 'As a supervisor and examiner\r\nI want the system to ensure the accuracy and consistency of my data to add a mark to the proposal or final review,\r\nSo that I can trust that the information stored, processed, and retrieved remains unaltered and reliable'),
(722, 84, 46, '776', 'As a supervisor and examiner,\r\nI want to add a mark to the proposal or final review in a way that makes its purpose and appropriateness easily recognizable,\r\nSo that I can quickly determine whether it meets my needs and is suitable for the intended use'),
(723, 84, 46, '777', 'As a supervisor and examiner,\r\nI want the system to be easy to learn and understand on how to add a mark to the proposal or final review,\r\nSo that I can quickly understand and complete tasks without extensive training or support'),
(724, 84, 46, '778', 'As a supervisor and examiner,\r\nI want the system to be easy to operate and manage on how to add a mark to the proposal or final review,\r\nSo that I can efficiently perform tasks and control the system with minimal effort and complexity'),
(725, 84, 46, '779', 'As a supervisor and examiner,\r\nI want the system to protect me from making errors and provide safeguards against mistakes on how to add a mark to the proposal or final review,\r\nSo that I can work confidently without risking unintended data loss or operational issues'),
(726, 84, 46, '780', 'As a supervisor and examiner,\r\nI want the system to actively engage and motivate me to interact with it regularly on how to add a mark to the proposal or final review,\r\nSo that I stay actively involved and make full use of its features and benefits'),
(727, 85, 46, '764', 'As a supervisor and examiner,\r\nI want to update the proposal or final review revision status without errors or failures,\r\nSo that I can complete my tasks accurately and efficiently without experiencing disruptions or data loss'),
(728, 85, 46, '765', 'As a supervisor and examiner,\r\nI want to update the proposal or final review revision status to be available and accessible when needed,\r\nSo that I can access it anytime'),
(729, 85, 46, '769', 'As a supervisor and examiner,\r\nI want the system to protect my data from unauthorized access and ensure that it remains confidential to update the proposal or final review revision status,\r\nSo that my personal and sensitive information is kept secure and private'),
(730, 85, 46, '776', 'As a supervisor and examiner,\r\nI want to update the proposal or final review revision status in a way that makes its purpose and appropriateness easily recognizable,\r\nSo that I can quickly determine whether it meets my needs and is suitable for the intended use'),
(731, 85, 46, '777', 'As a supervisor and examiner,\r\nI want the system to be easy to learn and understand on how to update the proposal or final review revision status,\r\nSo that I can quickly understand and complete tasks without extensive training or support'),
(732, 85, 46, '778', 'As a supervisor and examiner,\r\nI want the system to be easy to operate and manage on how to update the proposal or final review revision status,\r\nSo that I can efficiently perform tasks and control the system with minimal effort and complexity'),
(733, 85, 46, '779', 'As a supervisor and examiner,\r\nI want the system to protect me from making errors and provide safeguards against mistakes on how to update the proposal or final review revision status,\r\nSo that I can work confidently without risking unintended data loss or operational issues'),
(734, 85, 46, '780', 'As a supervisor and examiner,\r\nI want the system to actively engage and motivate me to interact with it regularly on how to update the proposal or final review revision status,\r\nSo that I stay actively involved and make full use of its features and benefits'),
(735, 86, 46, '764', 'As an examiner,\r\nI want to add the revision notes from the proposal or final review without errors or failures,\r\nSo that I can complete my tasks accurately and efficiently without experiencing disruptions or data loss'),
(736, 86, 46, '765', 'As an examiner,\r\nI want to add the revision notes from the proposal or final review to be available and accessible when needed,\r\nSo that I can access it anytime'),
(737, 86, 46, '769', 'As an examiner,\r\nI want the system to protect my data from unauthorized access and ensure that it remains confidential to add the revision notes from the proposal or final review,\r\nSo that my personal and sensitive information is kept secure and private'),
(738, 86, 46, '776', 'As an examiner,\r\nI want to add the revision notes from the proposal or final review in a way that makes its purpose and appropriateness easily recognizable,\r\nSo that I can quickly determine whether it meets my needs and is suitable for the intended use'),
(739, 86, 46, '777', 'As an examiner, \r\nI want the system to be easy to learn and understand on how to add the revision notes from the proposal or final review,\r\nSo that I can quickly understand and complete tasks without extensive training or support'),
(740, 86, 46, '778', 'As an examiner, \r\nI want the system to be easy to operate and manage on how to add the revision notes from the proposal or final review,\r\nSo that I can efficiently perform tasks and control the system with minimal effort and complexity'),
(741, 86, 46, '779', 'As an examiner, \r\nI want the system to protect me from making errors and provide safeguards against mistakes on how to add the revision notes from the proposal or final review,\r\nSo that I can work confidently without risking unintended data loss or operational issues'),
(742, 86, 46, '780', 'As an examiner, \r\nI want the system to actively engage and motivate me to interact with it regularly on how to add the revision notes from the proposal or final review,\r\nSo that I stay actively involved and make full use of its features and benefits'),
(743, 88, 46, '764', 'As a BAAK,\r\nI want to manage the schedule of the proposal or final review submission without errors or failures,\r\nSo that I can complete my tasks accurately and efficiently without experiencing disruptions or data loss'),
(744, 88, 46, '765', 'As a BAAK,\r\nI want to manage the schedule of the proposal or final review submission to be available and accessible when needed,\r\nSo that I can access it anytime'),
(745, 88, 46, '770', 'As a BAAK,\r\nI want the system to ensure the accuracy and consistency of my data to manage the schedule of the proposal or final review submission,\r\nSo that I can trust that the information stored, processed, and retrieved remains unaltered and reliable'),
(746, 88, 46, '776', 'As a BAAK,\r\nI want to manage the schedule of the proposal or final review submission in a way that makes its purpose and appropriateness easily recognizable,\r\nSo that I can quickly determine whether it meets my needs and is suitable for the intended use'),
(747, 88, 46, '777', 'As a BAAK, \r\nI want the system to be easy to learn and understand on how to manage the schedule of the proposal or final review submission,\r\nSo that I can quickly understand and complete tasks without extensive training or support'),
(748, 88, 46, '778', 'As a BAAK, \r\nI want the system to be easy to operate and manage on how to manage the schedule of the proposal or final review submission,\r\nSo that I can efficiently perform tasks and control the system with minimal effort and complexity'),
(749, 88, 46, '779', 'As a BAAK, \r\nI want the system to protect me from making errors and provide safeguards against mistakes on how to manage the schedule of the proposal or final review submission,\r\nSo that I can work confidently without risking unintended data loss or operational issues'),
(750, 88, 46, '780', 'As a BAAK,\r\nI want the system to actively engage and motivate me to interact with it regularly on how to manage the schedule of the proposal or final review submission,\r\nSo that I stay actively involved and make full use of its features and benefits'),
(751, 89, 46, '760', 'As a BAAK,\r\nI want the system to seamlessly integrate and exchange data with the academic system for automatic retrieval of students and lecturers to assign the supervisor and examiner to the student,\r\nSo that I can exchange data and use the system without compatibility issues.'),
(752, 89, 46, '764', 'As a BAAK,\r\nI want to assign the supervisor and examiner to the student without errors or failures,\r\nSo that I can complete my tasks accurately and efficiently without experiencing disruptions or data loss'),
(753, 89, 46, '765', 'As a BAAK,\r\nI want to assign the supervisor and examiner to the student to be available and accessible when needed,\r\nSo that I can access it anytime'),
(754, 89, 46, '769', 'As a BAAK,\r\nI want the system to protect my data from unauthorized access and ensure that it remains confidential to assign the supervisor and examiner to the student,\r\nSo that my personal and sensitive information is kept secure and private'),
(755, 89, 46, '776', 'As a BAAK,\r\nI want to assign the supervisor and examiner to the student  in a way that makes its purpose and appropriateness easily recognizable,\r\nSo that I can quickly determine whether it meets my needs and is suitable for the intended use'),
(756, 89, 46, '777', 'As a BAAK, \r\nI want the system to be easy to learn and understand on how to assign the supervisor and examiner to the student,\r\nSo that I can quickly understand and complete tasks without extensive training or support'),
(757, 89, 46, '778', 'As a BAAK, \r\nI want the system to be easy to operate and manage on how to assign the supervisor and examiner to the student,\r\nSo that I can efficiently perform tasks and control the system with minimal effort and complexity'),
(758, 89, 46, '779', 'As a BAAK, \r\nI want the system to protect me from making errors and provide safeguards against mistakes on how to assign the supervisor and examiner to the student,\r\nSo that I can work confidently without risking unintended data loss or operational issues'),
(759, 89, 46, '780', 'As a BAAK,\r\nI want the system to actively engage and motivate me to interact with it regularly on how to assign the supervisor and examiner to the student,\r\nSo that I stay actively involved and make full use of its features and benefits'),
(760, 90, 46, '764', 'As a BAAK,\r\nI want to update the research title according to the supervisor\'s approval without errors or failures,\r\nSo that I can complete my tasks accurately and efficiently without experiencing disruptions or data loss'),
(761, 90, 46, '776', 'As a BAAK,\r\nI want to update the research title according to the supervisor\'s approval in a way that makes its purpose and appropriateness easily recognizable,\r\nSo that I can quickly determine whether it meets my needs and is suitable for the intended use'),
(762, 90, 46, '777', 'As a BAAK, \r\nI want the system to be easy to learn and understand on how to update the research title according to the supervisor\'s approval,\r\nSo that I can quickly understand and complete tasks without extensive training or support'),
(763, 90, 46, '778', 'As a BAAK, \r\nI want the system to be easy to operate and manage on how to update the research title according to the supervisor\'s approval,\r\nSo that I can efficiently perform tasks and control the system with minimal effort and complexity'),
(764, 90, 46, '779', 'As a BAAK, \r\nI want the system to protect me from making errors and provide safeguards against mistakes on how to update the research title according to the supervisor\'s approval,\r\nSo that I can work confidently without risking unintended data loss or operational issues'),
(765, 90, 46, '780', 'As a BAAK,\r\nI want the system to actively engage and motivate me to interact with it regularly on how to update the research title according to the supervisor\'s approval,\r\nSo that I stay actively involved and make full use of its features and benefits'),
(766, 91, 46, '760', 'As a BAAK, \r\nI want the system to seamlessly integrate and exchange data with the academic system for automatic retrieval of lecturers to manage the research coordinator,\r\nSo that I can exchange data and use the system without compatibility issues.\r\n\r\n'),
(767, 91, 46, '764', 'As a BAAK,\r\nI want to manage the research coordinator without errors or failures,\r\nSo that I can complete my tasks accurately and efficiently without experiencing disruptions or data loss'),
(768, 91, 46, '769', 'As a BAAK,\r\nI want the system to protect my data from unauthorized access and ensure that it remains confidential to manage the research coordinator,\r\nSo that my personal and sensitive information is kept secure and private'),
(769, 91, 46, '776', 'As a BAAK,\r\nI want to manage the research coordinator in a way that makes its purpose and appropriateness easily recognizable,\r\nSo that I can quickly determine whether it meets my needs and is suitable for the intended use.'),
(770, 91, 46, '777', 'As a BAAK, \r\nI want the system to be easy to learn and understand on how to manage the research coordinator,\r\nSo that I can quickly understand and complete tasks without extensive training or support.'),
(771, 91, 46, '778', 'As a BAAK, \r\nI want the system to be easy to operate and manage on how to manage the research coordinator,\r\nSo that I can efficiently perform tasks and control the system with minimal effort and complexity.'),
(772, 91, 46, '779', 'As a BAAK, \r\nI want the system to protect me from making errors and provide safeguards against mistakes on how to manage the research coordinator,\r\nSo that I can work confidently without risking unintended data loss or operational issues.'),
(773, 91, 46, '780', 'As a BAAK,\r\nI want the system to actively engage and motivate me to interact with it regularly on how to manage the research coordinator,\r\nSo that I stay actively involved and make full use of its features and benefits'),
(774, 92, 46, '764', 'As a lecturer,\r\nI want to evaluate the proposed research topic without errors or failures,\r\nSo that I can complete my tasks accurately and efficiently without experiencing disruptions or data loss'),
(775, 92, 46, '765', 'As a lecturer,\r\nI want to evaluate the proposed research topic to be available and accessible when needed,\r\nSo that I can access it anytime'),
(776, 92, 46, '769', 'As a lecturer,\r\nI want the system to protect my data from unauthorized access and ensure that it remains confidential to evaluate the proposed research topic,\r\nSo that my personal and sensitive information is kept secure and private'),
(777, 92, 46, '776', 'As a lecturer,\r\nI want to evaluate the proposed research topic in a way that makes its purpose and appropriateness easily recognizable,\r\nSo that I can quickly determine whether it meets my needs and is suitable for the intended use'),
(778, 92, 46, '777', 'As a lecturer,\r\nI want the system to be easy to learn and understand on how to evaluate the proposed research topic,\r\nSo that I can quickly understand and complete tasks without extensive training or support'),
(779, 92, 46, '778', 'As a lecturer,\r\nI want the system to be easy to operate and manage on how to evaluate the proposed research topic,\r\nSo that I can efficiently perform tasks and control the system with minimal effort and complexity'),
(780, 92, 46, '779', 'As a lecturer,\r\nI want the system to protect me from making errors and provide safeguards against mistakes on how to evaluate the proposed research topic,\r\nSo that I can work confidently without risking unintended data loss or operational issues'),
(781, 92, 46, '780', 'As a lecturer,\r\nI want the system to actively engage and motivate me to interact with it regularly on how to evaluate the proposed research topic,\r\nSo that I stay actively involved and make full use of its features and benefits'),
(782, 93, 46, '760', 'As a lecturer,\r\nI want the system to seamlessly integrate and exchange data with the academic system for automatic retrieval of students to assign the research topic to the student,\r\nSo that I can exchange data and use the system without compatibility issues'),
(783, 93, 46, '764', 'As a lecturer,\r\nI want to assign the research topic to the student without errors or failures,\r\nSo that I can complete my tasks accurately and efficiently without experiencing disruptions or data loss'),
(784, 93, 46, '769', 'As a lecturer,\r\nI want the system to protect my data from unauthorized access and ensure that it remains confidential to assign the research topic to the student,\r\nSo that my personal and sensitive information is kept secure and private'),
(785, 93, 46, '776', 'As a lecturer,\r\nI want to assign the research topic to the student in a way that makes its purpose and appropriateness easily recognizable,\r\nSo that I can quickly determine whether it meets my needs and is suitable for the intended use'),
(786, 93, 46, '777', 'As a lecturer,\r\nI want the system to be easy to learn and understand on how to assign the research topic to the student,\r\nSo that I can quickly understand and complete tasks without extensive training or support'),
(787, 93, 46, '778', 'As a lecturer,\r\nI want the system to be easy to operate and manage on how to assign the research topic to the student,\r\nSo that I can efficiently perform tasks and control the system with minimal effort and complexity'),
(788, 93, 46, '779', 'As a lecturer,\r\nI want the system to protect me from making errors and provide safeguards against mistakes on how to assign the research topic to the student,\r\nSo that I can work confidently without risking unintended data loss or operational issues'),
(789, 93, 46, '780', 'As a lecturer,\r\nI want the system to actively engage and motivate me to interact with it regularly on how to assign the research topic to the student,\r\nSo that I stay actively involved and make full use of its features and benefits'),
(790, 94, 46, '760', 'As a Super Admin,\r\nI want the system to seamlessly integrate and exchange data with the academic system for automatic retrieval of lecturers to assign the lecturer to Kelompok Bidang Keahlian\r\nSo that I can exchange data and use the system without compatibility issues. \r\n\r\n'),
(791, 94, 46, '764', 'As a Super Admin,\r\nI want to assign the lecturer to Kelompok Bidang Keahlian without errors or failures,\r\nSo that I can complete my tasks accurately and efficiently without experiencing disruptions or data loss'),
(792, 94, 46, '769', 'As a Super Admin,\r\nI want the system to protect my data from unauthorized access and ensure that it remains confidential to assign the lecturer to Kelompok Bidang Keahlian,\r\nSo that my personal and sensitive information is kept secure and private'),
(793, 94, 46, '776', 'As a Super Admin,\r\nI want to assign the lecturer to Kelompok Bidang Keahlian in a way that makes its purpose and appropriateness easily recognizable,\r\nSo that I can quickly determine whether it meets my needs and is suitable for the intended use'),
(794, 94, 46, '777', 'As a Super Admin,\r\nI want the system to be easy to learn and understand on how to assign the lecturer to Kelompok Bidang Keahlian,\r\nSo that I can quickly understand and complete tasks without extensive training or support'),
(795, 94, 46, '778', 'As a Super Admin,\r\nI want the system to be easy to operate and manage on how to assign the lecturer to Kelompok Bidang Keahlian,\r\nSo that I can efficiently perform tasks and control the system with minimal effort and complexity'),
(796, 94, 46, '779', 'As a Super Admin,\r\nI want the system to protect me from making errors and provide safeguards against mistakes on how to assign the lecturer to Kelompok Bidang Keahlian,\r\nSo that I can work confidently without risking unintended data loss or operational issues.'),
(797, 94, 46, '780', 'As a Super Admin,\r\nI want the system to actively engage and motivate me to interact with it regularly on how to assign the lecturer to Kelompok Bidang Keahlian,\r\nSo that I stay actively involved and make full use of its features and benefits'),
(799, 98, 48, '837', ''),
(800, 98, 48, '838', ''),
(801, 98, 48, '843', ''),
(805, 99, 50, '917', ''),
(806, 99, 50, '919', 'sistem akan mengirmkan OTP ke pengguna untuk memastikan bahwa yang mendaftar adalah pasien'),
(807, 99, 50, '924', 'Sebagai pengguna saya ingin aplikasi mudah dipelajari agar aplikasi mudah digunakan'),
(808, 99, 50, '925', ''),
(809, 99, 50, '926', ''),
(822, 100, 51, '934', ''),
(823, 100, 51, '935', ''),
(824, 100, 51, '936', ''),
(825, 100, 51, '937', ''),
(826, 100, 51, '938', ''),
(827, 101, 51, '963', ''),
(828, 101, 51, '965', ''),
(1774, 102, 52, '974', 'As a sales representative, I want to view prospect data anytime so that I can see the customer candidates when needed'),
(1775, 102, 52, '988', 'As a sales representative, I want to recognize whether this system is appropriate for my needs so that I can see the customer candidates when needed'),
(1776, 102, 52, '989', 'As a sales representative, I want the system can learn easily so that I can see the customer candidates when needed'),
(1777, 102, 52, '990', 'As a sales representative, I want the system can operate easily so that I can see the customer candidates when needed'),
(1778, 102, 52, '991', 'As a sales representative, I want the system prevents users against operation errors so that I can see the customer candidates when needed'),
(1779, 102, 52, '996', 'As a sales representative, I want the system can exchange information with other system so that I can see the customer candidates when needed'),
(1780, 103, 52, '967', 'As a sales representative, I want the system only user has the access that can add the prospect data'),
(1781, 103, 52, '974', 'As a sales representative, I want to add prospect data anytime so that I can recap the prospect data when needed'),
(1782, 103, 52, '983', 'As a sales representative, I want the system can be traced so that I know who add the prospect data'),
(1783, 103, 52, '988', 'As a sales representative, I want to recognize whether this system is appropriate for my needs so that I can see the prospect data when needed'),
(1784, 103, 52, '989', 'As a sales representative, I want the system can learn easily so that I can see the prospect data when needed'),
(1785, 103, 52, '990', 'As a sales representative, I want the system can operate easily so that I can see the prospect data when needed'),
(1786, 103, 52, '991', 'As a sales representative, I want the system prevents users against operation errors so that I can see the customer candidates when needed'),
(1787, 103, 52, '996', 'As a sales representative, I want the system can exchange information with other system so that I can see the prospect data when needed'),
(1788, 104, 52, '967', 'As a sales representative, I want the system only user has the access that can edit the prospect data'),
(1789, 104, 52, '974', 'As a sales representative, I want to edit the prospect data anytime so that I can recap the prospect data when needed'),
(1790, 104, 52, '983', 'As a sales representative, I want the system can be traced so that I know who edit the prospect data'),
(1791, 104, 52, '988', 'As a sales representative, I want to recognize whether this system is appropriate for my needs so that I can see the prospect data when needed'),
(1792, 104, 52, '989', 'As a sales representative, I want the system can learn easily so that I can edit the prospect data when needed'),
(1793, 104, 52, '990', 'As a sales representative, I want the system can operate easily so that I can edit the prospect data when needed'),
(1794, 104, 52, '991', 'As a sales representative, I want the system prevents users against operation errors so that I can edit the prospect data when needed'),
(1795, 104, 52, '996', 'As a sales representative, I want the system can exchange information with other system so that I can edit the prospect data when needed'),
(1796, 105, 52, '967', 'As a sales representative, I want the system only user has the access that can delete the prospect data');
INSERT INTO `nfr_user_story` (`id_us_nfr`, `id_us_fr`, `id_project`, `nfr`, `description`) VALUES
(1797, 105, 52, '974', 'As a sales representative, I want to delete the prospect data anytime so that I can recap the prospect data when needed'),
(1798, 105, 52, '983', 'As a sales representative, I want the system can be traced so that I know who delete the prospect data'),
(1799, 105, 52, '988', 'As a sales representative, I want to recognize whether this system is appropriate for my needs so that I can delete the prospect data when needed'),
(1800, 105, 52, '989', 'As a sales representative, I want the system can learn easily so that I can delete the prospect data when needed'),
(1801, 105, 52, '990', 'As a sales representative, I want the system can operate easily so that I can delete the prospect data when needed'),
(1802, 105, 52, '991', 'As a sales representative, I want the system prevents users against operation errors so that I can delete the prospect data when needed'),
(1803, 105, 52, '996', 'As a sales representative, I want the system can exchange information with other system so that I can delete the prospect data when needed'),
(1804, 106, 52, '969', 'As a sales representative, I want the system can send the email prospect under 2 second so that the email can be received immediately by prospect'),
(1805, 106, 52, '988', 'As a sales representative, I want to recognize whether this system is appropriate for my needs so that I can send email prospect when needed'),
(1806, 106, 52, '989', 'As a sales representative, I want the system can learn easily so that I can send email prospect when needed'),
(1807, 106, 52, '990', 'As a sales representative, I want the system can operate easily so that I can send email prospect when needed'),
(1808, 106, 52, '991', 'As a sales representative, I want the system prevents users against operation errors so that I can send email prospect when needed'),
(1809, 107, 52, '967', 'As a sales representative, I want the system only user has the access that can view the deals data'),
(1810, 107, 52, '974', 'As a sales representative, I want to view the deals data anytime so that I can recap the deals data when needed'),
(1811, 107, 52, '975', 'As a sales representative, I want the system operates as intended despite the presence of hardware or software faults so that I can view the deals data when needed'),
(1812, 107, 52, '976', 'As a sales representative, I want the system in the event of an interruption or a failure, the system can recover the data directly affected so that I can view the deals data when needed'),
(1813, 107, 52, '988', 'As a sales representative, I want to recognize whether this system is appropriate for my needs so that I can view the deals data when needed'),
(1814, 107, 52, '989', 'As a sales representative, I want the system can learn easily so that I can view the deals data when needed'),
(1815, 107, 52, '990', 'As a sales representative, I want the system can operate easily so that I can view the deals data when needed'),
(1816, 107, 52, '991', 'As a sales representative, I want the system prevents users against operation errors so that I can view the deals data when needed'),
(1817, 108, 52, '967', 'As a sales representative, I want the system only user has the access that can convert lead to deals'),
(1818, 108, 52, '973', 'As a sales representative, I want the system performs specified functions without fault under normal operation so that I can convert lead to deals when needed'),
(1819, 108, 52, '974', 'As a sales representative, I want the system can be accessed anytime so that I can convert lead to deals when needed'),
(1820, 108, 52, '975', 'As a sales representative, I want the system can operates as intended despite the presence of hardware or software faults so that I can convert lead to deals when needed'),
(1821, 108, 52, '988', 'As a sales representative, I want to recognize whether this system is appropriate for my needs so that I can convert lead to deals when needed '),
(1822, 108, 52, '989', 'As a sales representative, I want the system can learn easily so that I can convert lead to deals when needed'),
(1823, 108, 52, '990', 'As a sales representative, I want the system can operate easily so that I can convert lead to deals when needed'),
(1824, 108, 52, '991', 'As a sales representative, I want the system prevents users against operation errors so that I can convert lead to deals when needed'),
(1825, 109, 52, '975', 'As a sales representative, I want the system operates as intended despite the presence of hardware or software faults so that I can update progress deals when needed'),
(1826, 109, 52, '976', 'As a sales representative, I want the system in the event of an interruption or a failure, the system can recover the data directly affected so that I can update progress deals when needed'),
(1827, 109, 52, '988', 'As a sales representative, I want to recognize whether this system is appropriate for my needs so that I can update progress deals when needed'),
(1828, 109, 52, '989', 'As a sales representative, I want the system can learn easily so that I can update progress deals when needed'),
(1829, 109, 52, '990', 'As a sales representative, I want the system can operate easily so that I can update progress deals when needed'),
(1830, 109, 52, '991', 'As a sales representative, I want the system prevents users against operation errors so that I can update progress deals when needed'),
(1831, 110, 52, '967', 'As a sales representative, I want the system only user has the access that can create invoice deals when needed'),
(1832, 110, 52, '973', 'As a sales representative, I want the system performs specified functions without fault under normal operation so that I can create invoice deals when needed'),
(1833, 110, 52, '974', 'As a sales representative, I want the system can be accessed anytime so that I can create invoice deals when needed'),
(1834, 110, 52, '988', 'As a sales representative, I want to recognize whether this system is appropriate for my needs so that I can create invoice deals when needed'),
(1835, 110, 52, '989', 'As a sales representative, I want the system can learn easily so that I can create invoice deals when needed'),
(1836, 110, 52, '990', 'As a sales representative, I want the system can operate easily so that I can create invoice deals when needed'),
(1837, 110, 52, '991', 'As a sales representative, I want the system prevents users against operation errors so that I can create invoice deals when needed'),
(1838, 111, 52, '967', 'As a sales representative, I want the system only user has the access that can delete deals data'),
(1839, 111, 52, '988', 'As a sales representative, I want to recognize whether this system is appropriate for my needs so that I can delete deals data when needed'),
(1840, 111, 52, '989', 'As a sales representative, I want the system can learn easily so that I can delete deals data when needed'),
(1841, 111, 52, '990', 'As a sales representative, I want the system can operate easily so that I can delete deals data when needed'),
(1842, 111, 52, '991', 'As a sales representative, I want the system prevents users against operation errors so that I can delete deals data when needed'),
(1850, 115, 44, '1429', ''),
(1852, 116, 69, '1456', '');

-- --------------------------------------------------------

--
-- Table structure for table `project`
--

CREATE TABLE `project` (
  `id_project` int(11) NOT NULL,
  `name_project` varchar(200) NOT NULL,
  `date_created` datetime NOT NULL,
  `domain` int(11) NOT NULL,
  `system` int(11) NOT NULL,
  `validate` tinyint(4) NOT NULL DEFAULT 0
) ENGINE=InnoDB DEFAULT CHARSET=utf8mb4 COLLATE=utf8mb4_general_ci;

--
-- Dumping data for table `project`
--

INSERT INTO `project` (`id_project`, `name_project`, `date_created`, `domain`, `system`, `validate`) VALUES
(43, 'E-learning PCR', '2024-08-30 12:28:09', 10, 3, 1),
(44, 'Sistem Informasi Kepegawaian', '2024-09-03 11:19:06', 3, 3, 1),
(45, 'Mobile Online Banking System', '2024-09-03 11:22:09', 1, 8, 1),
(46, 'Sistem Informasi Proyek Akhir/Thesis', '2024-09-04 14:17:40', 10, 3, 1),
(47, 'Testing New ', '2024-09-05 15:42:37', 4, 1, 1),
(48, 'Project Tes', '2024-09-10 11:31:29', 6, 3, 1),
(49, '332324324', '2024-10-03 00:25:59', 7, 1, 0),
(50, 'Sistem Antrian Online di Klinik', '2024-10-11 09:18:29', 6, 3, 1),
(51, 'Test 1', '2024-10-19 21:21:38', 4, 4, 0),
(52, 'Sales Information System', '2024-12-26 15:33:54', 6, 3, 1),
(53, 'A', '2025-01-15 10:17:33', 1, 3, 0),
(69, 'test', '2025-05-08 16:07:40', 0, 1, 1),
(72, 'dfgdfgrdf', '2025-05-08 16:31:28', 0, 1, 0);

-- --------------------------------------------------------

--
-- Table structure for table `system`
--

CREATE TABLE `system` (
  `id_system` int(11) NOT NULL,
  `type` varchar(110) NOT NULL,
  `nfr` text NOT NULL
) ENGINE=InnoDB DEFAULT CHARSET=utf8mb4 COLLATE=utf8mb4_general_ci;

--
-- Dumping data for table `system`
--

INSERT INTO `system` (`id_system`, `type`, `nfr`) VALUES
(1, 'Real-time systems', 'Compatibility,Completeness,Conformance,Extensibility,Installability,Portability,Dependability,Maintainability,Integrity,Accuracy,Confidentiality,Verifiability,Availability,Performance,Safety'),
(2, 'Safety critical systems', 'Communicativeness,Dependability,Safety,Reliability,Performance,Usability,Integrity,Safety,Interaction Capability'),
(3, 'Web systems', 'Interoperability,Privacy,Scalability,Performance,Usability,Integrity,Security,Interaction Capability'),
(4, 'Information systems', 'Provability,Reusability,Standardizability,Reliability,Accuracy,Confidentiality,Verifiability,Availability,Performance,Security,Usability,Interoperability,Privacy,Traceability,Viability,Interaction Capability\r\n'),
(5, 'Process-controlled systems', 'Maintainability,Safety,Reliability,Availability,Performance,Security,Usability,Interaction Capability'),
(8, 'Mobile Application', 'Operability,Installability,Learnability,Correctness,User Error Protection,Time Behavior,Self-descriptiveness,Adaptability,Risk identification,Hazard warning,User engagement,Completeness,Resource Utilization');

-- --------------------------------------------------------

--
-- Table structure for table `user`
--

CREATE TABLE `user` (
  `id_user` int(11) NOT NULL,
  `name` varchar(100) NOT NULL,
  `username` varchar(100) NOT NULL,
  `password` varchar(100) NOT NULL,
  `role` varchar(100) NOT NULL,
  `email` varchar(100) NOT NULL
) ENGINE=InnoDB DEFAULT CHARSET=utf8mb4 COLLATE=utf8mb4_general_ci;

--
-- Dumping data for table `user`
--

INSERT INTO `user` (`id_user`, `name`, `username`, `password`, `role`, `email`) VALUES
(12, 'admin', 'admin', '8c6976e5b5410415bde908bd4dee15dfb167a9c873fc4bb8a81f6f2ab448a918', 'Admin', 'admin@gmail.com\r\n'),
(13, 'Yasmin', 'yasmin', 'd5e7d945ccf8829e9b18eb3ed3b720ca2bb6ff1931a58aaa9ce8253913ea4139', 'Developer', 'yasminnadhifaa@gmail.com'),
(14, 'Uli', 'yulifitrisia', '8d969eef6ecad3c29a3a629280e686cf0c3f5d5a86aff3ca12020c923adc6c92', 'Developer', 'uli@pcr.ac.id'),
(15, 'Wahyudi', 'yudi', '475e64324e5a530651a963fed93621a8eb6aaf4e5e1584e943823534598e57e7', 'Developer', 'wahyudi@pcr.ac.id'),
(18, '3242343242', 'fofelal107@jofuso.com', 'f04eb96130d67463a31f81d1e528fcbdd7ae3150c561691aa118d688dffcc45b', 'Developer', 'fofelal107@jofuso.com');

-- --------------------------------------------------------

--
-- Table structure for table `user_token`
--

CREATE TABLE `user_token` (
  `id` int(11) NOT NULL,
  `email` varchar(255) NOT NULL,
  `date_created` varchar(255) NOT NULL,
  `token` varchar(255) NOT NULL
) ENGINE=InnoDB DEFAULT CHARSET=utf8mb4 COLLATE=utf8mb4_general_ci;

--
-- Dumping data for table `user_token`
--

INSERT INTO `user_token` (`id`, `email`, `date_created`, `token`) VALUES
(1, 'yasminnadhifaa@gmail.com', '1724862764', 'coOWYniUbAQjF8aagAnasKdGMnS+x7jyPLppfXXgwFM='),
(2, 'yasminnadhifaa@gmail.com', '1724863022', 'PWvybeYRpbgyUBgAFc5oBvgIycCy1kLUj9+StJxaCPk='),
(3, 'yasminnadhifaa@gmail.com', '1724863375', 'kx3dJjI3zHesN5Z38fcCQm2KqvC0OM4LP15KAPpQLF8='),
(4, 'yasminnadhifaa@gmail.com', '1724863408', 'mTgqI4L53ALpFqINxlGVFNYMvuHF4TLQSWmpDk8LE5E='),
(5, 'yasminnadhifaa@gmail.com', '1724863434', 'q4gOfcFwdRWVt92ZtEpJEXBiPJB87/tBH9eO7VJiwyo='),
(6, 'yasminnadhifaa@gmail.com', '1724863588', 'lxz/6b+2Y5rf7KoPPzA8OD8Pyi7+zFwIK+TxxBINO24='),
(7, 'yasminnadhifaa@gmail.com', '1724863657', '2DC8zn1pzCQjLCxm2UxJ36FYgho7LY+lIfmDXCpJ+N4='),
(8, 'yasminnadhifaa@gmail.com', '1724863660', 'TZWcTFzfdC7B6D97ecdFy50Dwwpre2U7wR8Mv5fSZLI='),
(9, 'yasminnadhifaa@gmail.com', '1724863749', 'zugkHmKs514E8kDMMCtDk2h7wuIqL1a0RUtObNlOZBE='),
(10, 'yasminnadhifaa@gmail.com', '1724864030', 'Uo/EvfpiCVWLHhAHXxzScgMJ3GG/sotsdTxhv8juSkM='),
(11, 'yasminnadhifaa@gmail.com', '1724906072', 'Ty+7xp1PdAF+qEdWzAHQd/gjGW3E5MjJyKUj/rW6skA='),
(12, 'yasminnadhifaa@gmail.com', '1724906973', '4ZVWntzeqAA7fhUhPpT4Z7v10ROLg7kUzi8ol4wjtIg='),
(13, 'yasminnadhifaa@gmail.com', '1724997108', 'QPDCGTc40/8ldMGtHCwInR5xavHBPApqVpiHn3WBw+E='),
(14, 'uli@pcr.ac.id', '1725336669', 'cvPFA15DoSouK1sdzVwLhKPSD4l1p2V7nwaU+mYsn1M='),
(15, 'yasminnadhifaa@gmail.com', '1725525320', 'q6FMTKa3PqwaYU3al14RUDS4HSuDT2JZvChSmOUtCqo='),
(16, '3242343242@gmail.com', '1727889873', 'G3SsFClLYVsCkUFSgEn45uyoqbXg8RkjMevnVO1Avtc='),
(17, 'fofelal107@jofuso.com', '1727889924', 'QNKnBqTLzaSZZ9LxK1lf7bZiWHVlhdfmMKgo54qSN1U='),
(18, 'fofelal107@jofuso.com', '1727889929', 'iTBFcbE12PXeXZUPv6n6gcge88i4fQrMpbLLuzodUaA='),
(19, 'yasminnadhifaa@gmail.com', '1736841560', 'VRgFulLywfOWBRIbJw67rqaZ0SB56hUisdi6XigT4ws='),
(20, 'yasminnadhifaa@gmail.com', '1737598419', '4cLo7qM32tlNx+DBQ2RAGRSbj5ji29qs2MOh+WiBnrg='),
(21, 'yasminnadhifaa@gmail.com', '1746691084', 'kAWCjqC2ucEdma/Yzy5IaHotV0efPJJNlseezjnLav8=');

-- --------------------------------------------------------

--
-- Table structure for table `validation`
--

CREATE TABLE `validation` (
  `id_val` int(11) NOT NULL,
  `id_project` int(11) NOT NULL,
  `id_nfr` int(11) NOT NULL,
  `id_quest` int(11) NOT NULL,
  `value` tinyint(4) NOT NULL
) ENGINE=InnoDB DEFAULT CHARSET=utf8mb4 COLLATE=utf8mb4_general_ci;

--
-- Dumping data for table `validation`
--

INSERT INTO `validation` (`id_val`, `id_project`, `id_nfr`, `id_quest`, `value`) VALUES
(22, 43, 672, 28, 1),
(23, 45, 729, 29, 1),
(24, 45, 730, 29, 1),
(25, 45, 738, 29, 1),
(26, 45, 739, 29, 1),
(27, 46, 760, 30, 1),
(28, 46, 764, 30, 1),
(29, 46, 765, 30, 1),
(31, 47, 788, 31, 1),
(32, 43, 673, 28, 1),
(33, 43, 698, 55, 1),
(34, 43, 786, 55, 1),
(35, 46, 760, 40, 1),
(36, 46, 764, 40, 1),
(37, 46, 765, 40, 1),
(38, 46, 769, 40, 1),
(39, 46, 770, 40, 1),
(40, 46, 760, 41, 1),
(41, 46, 764, 41, 1),
(42, 46, 765, 41, 1),
(43, 46, 769, 41, 1),
(44, 46, 770, 41, 1),
(45, 46, 760, 42, 1),
(46, 46, 764, 42, 1),
(47, 46, 765, 42, 1),
(48, 46, 769, 42, 1),
(49, 46, 770, 42, 1),
(50, 46, 760, 43, 1),
(51, 46, 764, 43, 1),
(52, 46, 765, 43, 1),
(53, 46, 769, 43, 1),
(54, 46, 770, 43, 1),
(55, 46, 760, 44, 1),
(56, 46, 764, 44, 1),
(57, 46, 765, 44, 1),
(58, 46, 769, 44, 1),
(59, 46, 770, 44, 1),
(60, 46, 760, 45, 1),
(61, 46, 764, 45, 1),
(62, 46, 765, 45, 1),
(63, 46, 769, 45, 1),
(64, 46, 770, 45, 1),
(65, 46, 769, 30, 1),
(66, 46, 770, 30, 1),
(67, 46, 760, 32, 1),
(68, 46, 764, 32, 1),
(69, 46, 765, 32, 1),
(70, 46, 769, 32, 1),
(71, 46, 770, 32, 1),
(72, 46, 760, 33, 1),
(73, 46, 764, 33, 1),
(74, 46, 765, 33, 1),
(75, 46, 769, 33, 1),
(76, 46, 770, 33, 1),
(77, 46, 760, 34, 1),
(78, 46, 764, 34, 1),
(79, 46, 765, 34, 1),
(80, 46, 769, 34, 1),
(81, 46, 770, 34, 1),
(82, 46, 760, 35, 1),
(83, 46, 764, 35, 1),
(84, 46, 765, 35, 1),
(85, 46, 769, 35, 1),
(86, 46, 770, 35, 1),
(87, 46, 760, 36, 1),
(88, 46, 764, 36, 1),
(89, 46, 765, 36, 1),
(90, 46, 769, 36, 1),
(91, 46, 770, 36, 1),
(92, 46, 760, 38, 1),
(93, 46, 764, 38, 1),
(94, 46, 765, 38, 1),
(95, 46, 769, 38, 1),
(96, 46, 770, 38, 1),
(97, 46, 760, 46, 1),
(98, 46, 764, 46, 1),
(99, 46, 765, 46, 1),
(100, 46, 769, 46, 1),
(101, 46, 770, 46, 1),
(102, 46, 760, 47, 1),
(103, 46, 764, 47, 1),
(104, 46, 765, 47, 1),
(105, 46, 769, 47, 1),
(106, 46, 770, 47, 1),
(107, 46, 760, 48, 1),
(108, 46, 764, 48, 1),
(109, 46, 765, 48, 1),
(110, 46, 769, 48, 1),
(111, 46, 770, 48, 1),
(112, 46, 760, 51, 1),
(113, 46, 764, 51, 1),
(114, 46, 765, 51, 1),
(115, 46, 769, 51, 1),
(116, 46, 770, 51, 1),
(117, 46, 760, 52, 1),
(118, 46, 764, 52, 1),
(119, 46, 765, 52, 1),
(120, 46, 769, 52, 1),
(121, 46, 770, 52, 1),
(122, 46, 760, 53, 1),
(123, 46, 764, 53, 1),
(124, 46, 765, 53, 1),
(125, 46, 769, 53, 1),
(126, 46, 770, 53, 1),
(127, 46, 760, 54, 1),
(128, 46, 764, 54, 1),
(129, 46, 765, 54, 1),
(130, 46, 769, 54, 1),
(131, 46, 770, 54, 1),
(132, 46, 760, 49, 1),
(133, 46, 764, 49, 1),
(134, 46, 765, 49, 1),
(135, 46, 769, 49, 1),
(136, 46, 770, 49, 1),
(137, 46, 760, 81, 1),
(138, 46, 764, 81, 1),
(139, 46, 765, 81, 1),
(140, 46, 769, 81, 1),
(141, 46, 770, 81, 1),
(142, 46, 776, 40, 1),
(143, 46, 777, 40, 1),
(144, 46, 778, 40, 1),
(145, 46, 779, 40, 1),
(146, 46, 780, 40, 1),
(147, 46, 776, 41, 1),
(148, 46, 777, 41, 1),
(149, 46, 778, 41, 1),
(150, 46, 779, 41, 1),
(151, 46, 780, 41, 1),
(152, 46, 776, 42, 1),
(153, 46, 777, 42, 1),
(154, 46, 778, 42, 1),
(155, 46, 779, 42, 1),
(156, 46, 780, 42, 1),
(157, 46, 776, 43, 1),
(158, 46, 777, 43, 1),
(159, 46, 778, 43, 1),
(160, 46, 779, 43, 1),
(161, 46, 780, 43, 1),
(162, 46, 776, 44, 1),
(163, 46, 777, 44, 1),
(164, 46, 778, 44, 1),
(165, 46, 779, 44, 1),
(166, 46, 780, 44, 1),
(167, 46, 776, 45, 1),
(168, 46, 777, 45, 1),
(169, 46, 778, 45, 1),
(170, 46, 779, 45, 1),
(171, 46, 780, 45, 1),
(172, 46, 776, 30, 1),
(173, 46, 777, 30, 1),
(174, 46, 778, 30, 1),
(175, 46, 779, 30, 1),
(176, 46, 780, 30, 1),
(177, 46, 776, 32, 1),
(178, 46, 777, 32, 1),
(179, 46, 778, 32, 1),
(180, 46, 779, 32, 1),
(181, 46, 780, 32, 1),
(182, 46, 776, 33, 1),
(183, 46, 777, 33, 1),
(184, 46, 778, 33, 1),
(185, 46, 779, 33, 1),
(186, 46, 780, 33, 1),
(187, 46, 776, 34, 1),
(188, 46, 777, 34, 1),
(189, 46, 778, 34, 1),
(190, 46, 779, 34, 1),
(191, 46, 780, 34, 1),
(192, 46, 776, 35, 1),
(193, 46, 777, 35, 1),
(194, 46, 778, 35, 1),
(195, 46, 779, 35, 1),
(196, 46, 780, 35, 1),
(197, 46, 776, 36, 1),
(198, 46, 777, 36, 1),
(199, 46, 778, 36, 1),
(200, 46, 779, 36, 1),
(201, 46, 780, 36, 1),
(202, 46, 776, 38, 1),
(203, 46, 777, 38, 1),
(204, 46, 778, 38, 1),
(205, 46, 779, 38, 1),
(206, 46, 780, 38, 1),
(207, 46, 776, 46, 1),
(208, 46, 777, 46, 1),
(209, 46, 778, 46, 1),
(210, 46, 779, 46, 1),
(211, 46, 780, 46, 1),
(212, 46, 776, 47, 1),
(213, 46, 777, 47, 1),
(214, 46, 778, 47, 1),
(215, 46, 779, 47, 1),
(216, 46, 780, 47, 1),
(217, 46, 776, 48, 1),
(218, 46, 777, 48, 1),
(219, 46, 778, 48, 1),
(220, 46, 779, 48, 1),
(221, 46, 780, 48, 1),
(222, 46, 776, 51, 1),
(223, 46, 777, 51, 1),
(224, 46, 778, 51, 1),
(225, 46, 779, 51, 1),
(226, 46, 780, 51, 1),
(227, 46, 776, 52, 1),
(228, 46, 777, 52, 1),
(229, 46, 778, 52, 1),
(230, 46, 779, 52, 1),
(231, 46, 780, 52, 1),
(232, 46, 776, 53, 1),
(233, 46, 777, 53, 1),
(234, 46, 778, 53, 1),
(235, 46, 779, 53, 1),
(236, 46, 780, 53, 1),
(237, 46, 776, 54, 1),
(238, 46, 777, 54, 1),
(239, 46, 778, 54, 1),
(240, 46, 779, 54, 1),
(241, 46, 780, 54, 1),
(242, 46, 776, 49, 1),
(243, 46, 777, 49, 1),
(244, 46, 778, 49, 1),
(245, 46, 779, 49, 1),
(246, 46, 780, 49, 1),
(247, 46, 776, 81, 1),
(248, 46, 777, 81, 1),
(249, 46, 778, 81, 1),
(250, 46, 779, 81, 1),
(251, 46, 780, 81, 1),
(252, 52, 967, 65, 1),
(253, 52, 973, 65, 1),
(254, 52, 974, 65, 1),
(255, 52, 975, 65, 1),
(256, 52, 976, 65, 1),
(257, 52, 983, 65, 1),
(258, 52, 988, 65, 1),
(259, 52, 967, 66, 1),
(260, 52, 973, 66, 1),
(261, 52, 974, 66, 1),
(262, 52, 975, 66, 1),
(263, 52, 976, 66, 1),
(264, 52, 983, 66, 1),
(265, 52, 988, 66, 1),
(266, 52, 967, 67, 1),
(267, 52, 973, 67, 1),
(268, 52, 974, 67, 1),
(269, 52, 975, 67, 1),
(270, 52, 976, 67, 1),
(271, 52, 983, 67, 1),
(272, 52, 988, 67, 1),
(273, 52, 989, 65, 1),
(274, 52, 990, 65, 1),
(275, 52, 991, 65, 1),
(276, 52, 996, 65, 1),
(277, 52, 989, 66, 1),
(278, 52, 990, 66, 1),
(279, 52, 991, 66, 1),
(280, 52, 996, 66, 1),
(281, 52, 989, 67, 1),
(282, 52, 990, 67, 1),
(283, 52, 991, 67, 1),
(284, 52, 996, 67, 1),
(285, 52, 967, 68, 1),
(286, 52, 973, 68, 1),
(287, 52, 974, 68, 1),
(288, 52, 975, 68, 1),
(289, 52, 976, 68, 1),
(290, 52, 983, 68, 1),
(291, 52, 988, 68, 1),
(292, 52, 989, 68, 1),
(293, 52, 990, 68, 1),
(294, 52, 991, 68, 1),
(295, 52, 996, 68, 1),
(296, 52, 967, 69, 1),
(297, 52, 973, 69, 1),
(298, 52, 974, 69, 1),
(299, 52, 975, 69, 1),
(300, 52, 976, 69, 1),
(301, 52, 983, 69, 1),
(302, 52, 988, 69, 1),
(303, 52, 989, 69, 1),
(304, 52, 990, 69, 1),
(305, 52, 991, 69, 1),
(306, 52, 996, 69, 1),
(307, 52, 967, 70, 1),
(308, 52, 973, 70, 1),
(309, 52, 974, 70, 1),
(310, 52, 975, 70, 1),
(311, 52, 976, 70, 1),
(312, 52, 983, 70, 1),
(313, 52, 988, 70, 1),
(314, 52, 989, 70, 1),
(315, 52, 990, 70, 1),
(316, 52, 991, 70, 1),
(317, 52, 996, 70, 1),
(318, 52, 967, 56, 1),
(319, 52, 973, 56, 1),
(320, 52, 974, 56, 1),
(321, 52, 975, 56, 1),
(322, 52, 976, 56, 1),
(323, 52, 983, 56, 1),
(324, 52, 988, 56, 1),
(325, 52, 989, 56, 1),
(326, 52, 990, 56, 1),
(327, 52, 991, 56, 1),
(328, 52, 996, 56, 1),
(329, 52, 967, 57, 1),
(330, 52, 973, 57, 1),
(331, 52, 974, 57, 1),
(332, 52, 975, 57, 1),
(333, 52, 976, 57, 1),
(334, 52, 983, 57, 1),
(335, 52, 988, 57, 1),
(336, 52, 989, 57, 1),
(337, 52, 990, 57, 1),
(338, 52, 991, 57, 1),
(339, 52, 996, 57, 1),
(340, 52, 967, 58, 1),
(341, 52, 973, 58, 1),
(342, 52, 974, 58, 1),
(343, 52, 975, 58, 1),
(344, 52, 976, 58, 1),
(345, 52, 983, 58, 1),
(346, 52, 988, 58, 1),
(347, 52, 989, 58, 1),
(348, 52, 990, 58, 1),
(349, 52, 991, 58, 1),
(350, 52, 996, 58, 1),
(351, 52, 967, 59, 1),
(352, 52, 973, 59, 1),
(353, 52, 974, 59, 1),
(354, 52, 975, 59, 1),
(355, 52, 976, 59, 1),
(356, 52, 983, 59, 1),
(357, 52, 988, 59, 1),
(358, 52, 989, 59, 1),
(359, 52, 990, 59, 1),
(360, 52, 991, 59, 1),
(361, 52, 996, 59, 1),
(362, 52, 967, 60, 1),
(363, 52, 973, 60, 1),
(364, 52, 974, 60, 1),
(365, 52, 975, 60, 1),
(366, 52, 976, 60, 1),
(367, 52, 983, 60, 1),
(368, 52, 988, 60, 1),
(369, 52, 989, 60, 1),
(370, 52, 990, 60, 1),
(371, 52, 991, 60, 1),
(372, 52, 996, 60, 1),
(373, 52, 967, 61, 1),
(374, 52, 973, 61, 1),
(375, 52, 974, 61, 1),
(376, 52, 975, 61, 1),
(377, 52, 976, 61, 1),
(378, 52, 983, 61, 1),
(379, 52, 988, 61, 1),
(380, 52, 989, 61, 1),
(381, 52, 990, 61, 1),
(382, 52, 991, 61, 1),
(383, 52, 996, 61, 1),
(384, 52, 967, 62, 1),
(385, 52, 973, 62, 1),
(386, 52, 974, 62, 1),
(387, 52, 975, 62, 1),
(388, 52, 976, 62, 1),
(389, 52, 983, 62, 1),
(390, 52, 988, 62, 1),
(391, 52, 989, 62, 1),
(392, 52, 990, 62, 1),
(393, 52, 991, 62, 1),
(394, 52, 996, 62, 1),
(395, 52, 967, 63, 1),
(396, 52, 973, 63, 1),
(397, 52, 974, 63, 1),
(398, 52, 975, 63, 1),
(399, 52, 976, 63, 1),
(400, 52, 983, 63, 1),
(401, 52, 988, 63, 1),
(402, 52, 989, 63, 1),
(403, 52, 990, 63, 1),
(404, 52, 991, 63, 1),
(405, 52, 996, 63, 1),
(406, 52, 967, 71, 1),
(407, 52, 973, 71, 1),
(408, 52, 974, 71, 1),
(409, 52, 975, 71, 1),
(410, 52, 976, 71, 1),
(411, 52, 983, 71, 1),
(412, 52, 988, 71, 1),
(413, 52, 989, 71, 1),
(414, 52, 990, 71, 1),
(415, 52, 991, 71, 1),
(416, 52, 996, 71, 1),
(417, 52, 967, 72, 1),
(418, 52, 973, 72, 1),
(419, 52, 974, 72, 1),
(420, 52, 975, 72, 1),
(421, 52, 976, 72, 1),
(422, 52, 983, 72, 1),
(423, 52, 988, 72, 1),
(424, 52, 989, 72, 1),
(425, 52, 990, 72, 1),
(426, 52, 991, 72, 1),
(427, 52, 996, 72, 1),
(428, 52, 967, 73, 1),
(429, 52, 973, 73, 1),
(430, 52, 974, 73, 1),
(431, 52, 975, 73, 1),
(432, 52, 976, 73, 1),
(433, 52, 983, 73, 1),
(434, 52, 988, 73, 1),
(435, 52, 989, 73, 1),
(436, 52, 990, 73, 1),
(437, 52, 991, 73, 1),
(438, 52, 996, 73, 1),
(439, 52, 967, 76, 1),
(440, 52, 973, 76, 1),
(441, 52, 974, 76, 1),
(442, 52, 975, 76, 1),
(443, 52, 976, 76, 1),
(444, 52, 983, 76, 1),
(445, 52, 988, 76, 1),
(446, 52, 989, 76, 1),
(447, 52, 990, 76, 1),
(448, 52, 991, 76, 1),
(449, 52, 996, 76, 1),
(450, 52, 967, 77, 1),
(451, 52, 973, 77, 1),
(452, 52, 974, 77, 1),
(453, 52, 975, 77, 1),
(454, 52, 976, 77, 1),
(455, 52, 983, 77, 1),
(456, 52, 988, 77, 1),
(457, 52, 989, 77, 1),
(458, 52, 990, 77, 1),
(459, 52, 991, 77, 1),
(460, 52, 996, 77, 1),
(461, 52, 967, 78, 1),
(462, 52, 973, 78, 1),
(463, 52, 974, 78, 1),
(464, 52, 975, 78, 1),
(465, 52, 976, 78, 1),
(466, 52, 983, 78, 1),
(467, 52, 988, 78, 1),
(468, 52, 989, 78, 1),
(469, 52, 990, 78, 1),
(470, 52, 991, 78, 1),
(471, 52, 996, 78, 1),
(472, 52, 967, 74, 1),
(473, 52, 973, 74, 1),
(474, 52, 974, 74, 1),
(475, 52, 975, 74, 1),
(476, 52, 976, 74, 1),
(477, 52, 983, 74, 1),
(478, 52, 988, 74, 1),
(479, 52, 989, 74, 1),
(480, 52, 990, 74, 1),
(481, 52, 991, 74, 1),
(482, 52, 996, 74, 1),
(483, 52, 967, 75, 1),
(484, 52, 973, 75, 1),
(485, 52, 974, 75, 1),
(486, 52, 975, 75, 1),
(487, 52, 976, 75, 1),
(488, 52, 983, 75, 1),
(489, 52, 988, 75, 1),
(490, 52, 989, 75, 1),
(491, 52, 990, 75, 1),
(492, 52, 991, 75, 1),
(493, 52, 996, 75, 1);

-- --------------------------------------------------------

--
-- Table structure for table `val_quest`
--

CREATE TABLE `val_quest` (
  `id_quest` int(11) NOT NULL,
  `id_project` int(11) NOT NULL,
  `id_cat` int(11) NOT NULL,
  `quest` text NOT NULL
) ENGINE=InnoDB DEFAULT CHARSET=utf8mb4 COLLATE=utf8mb4_general_ci;

--
-- Dumping data for table `val_quest`
--

INSERT INTO `val_quest` (`id_quest`, `id_project`, `id_cat`, `quest`) VALUES
(28, 43, 18, 'Test?'),
(29, 45, 19, 'Are all internal cross-references to other requirements correct?'),
(30, 46, 20, 'Are all internal cross-references to other requirements correct?'),
(31, 47, 21, 'Are you okay?'),
(32, 46, 20, 'Are all requirements written at a consistent and appropriate level of detail?'),
(33, 46, 20, 'Do the requirements provide an adequate basis for design?'),
(34, 46, 20, 'Is the implementation priority of each requirement included?'),
(35, 46, 20, 'Are all external hardware, software, and communication interfaces defined?'),
(36, 46, 20, 'Does the SRS include all of the known customer or system needs?'),
(37, 46, 20, 'Is any necessary information missing from a requirement?'),
(38, 46, 20, 'Is the expected behavior documented for all anticipated error conditions?'),
(39, 46, 22, 'Do any requirements conflict with or duplicate other requirements?'),
(40, 46, 22, 'Is each requirement written in clear, concise, unambiguous language?'),
(41, 46, 22, 'Is each requirement verifiable by testing, demonstration, review, or analysis?'),
(42, 46, 22, 'Is each requirement in scope for the project?'),
(43, 46, 22, 'Is each requirement free from content and grammatical errors?'),
(44, 46, 22, 'Can all of the requirements be implemented within known constraints?'),
(45, 46, 22, 'Are any specified error messages unique and meaningful?'),
(46, 46, 23, 'Are all performance objectives properly specified?'),
(47, 46, 23, 'Are all security and safety considerations properly specified?'),
(48, 46, 23, 'Are other pertinent quality attribute goals explicitly documented and quantified, with the acceptable tradeoffs specified?'),
(49, 46, 24, 'Is each requirement uniquely and correctly identified?'),
(51, 46, 25, 'Are all requirements actually requirements, not design or implementation solutions?'),
(52, 46, 25, 'Are all time-critical functions identified, and timing criteria specified for them?'),
(53, 46, 25, 'Are all significant consumers of scare resources (memory, network bandwidth, processor capacity, etc) identified, and is their anticipated resource consumption specified?'),
(54, 46, 25, 'Have internationalization issues been adequately addressed?'),
(55, 43, 26, 'Pertanyaan Test'),
(56, 52, 28, 'Are all internal cross-references to other requirements correct?'),
(57, 52, 28, 'Are all requirements written at a consistent and appropriate level of detail?'),
(58, 52, 28, 'Do the requirements provide an adequate basis for design?'),
(59, 52, 28, 'Is the implementation priority of each requirement included?'),
(60, 52, 28, 'Are all external hardware, software, and communication interfaces defined?'),
(61, 52, 28, 'Does the SRS include all of the known customer or system needs?'),
(62, 52, 28, 'Is any necessary information missing from a requirement?'),
(63, 52, 28, 'Is the expected behavior documented for all anticipated error conditions?'),
(64, 52, 29, 'Do any requirements conflict with or duplicate other requirements?'),
(65, 52, 29, 'Is each requirement written in clear, concise, unambiguous language?'),
(66, 52, 29, 'Is each requirement verifiable by testing, demonstration, review, or analysis?'),
(67, 52, 29, 'Is each requirement in scope for the project?'),
(68, 52, 29, 'Is each requirement free from content and grammatical errors?'),
(69, 52, 29, 'Can all of the requirements be implemented within known constraints?'),
(70, 52, 29, 'Are any specified error messages unique and meaningful?'),
(71, 52, 30, 'Are all performance objectives properly specified?'),
(72, 52, 30, 'Are all security and safety considerations properly specified?'),
(73, 52, 30, 'Are other pertinent quality attribute goals explicitly documented and quantified, with the acceptable tradeoffs specified?'),
(74, 52, 31, 'Is each requirement uniquely and correctly identified?'),
(75, 52, 31, 'Is each software requirement traceable to a higher-level requirement (e.g., system requirement, use case)?'),
(76, 52, 32, 'Are all requirements actually requirements, not design or implementation solutions?'),
(77, 52, 32, 'Are all time-critical functions identified, and timing criteria specified for them?'),
(78, 52, 32, 'Are all significant consumers of scare resources (memory, network bandwidth, processor capacity, etc) identified, and is their anticipated resource consumption specified?'),
(80, 52, 32, 'Have internationalization issues been adequately addressed?'),
(81, 46, 24, 'Is each software requirement traceable to a higher-level requirement (e.g., system requirement, use case)?');

--
-- Indexes for dumped tables
--

--
-- Indexes for table `categories`
--
ALTER TABLE `categories`
  ADD PRIMARY KEY (`id_cat`),
  ADD KEY `fk_cat_project` (`id_project`);

--
-- Indexes for table `domain`
--
ALTER TABLE `domain`
  ADD PRIMARY KEY (`id_domain`);

--
-- Indexes for table `fr`
--
ALTER TABLE `fr`
  ADD PRIMARY KEY (`id_fr`),
  ADD KEY `fk_project_fr` (`id_project`);

--
-- Indexes for table `fr_user_story`
--
ALTER TABLE `fr_user_story`
  ADD PRIMARY KEY (`id_us_fr`),
  ADD KEY `fk_us_project` (`id_project`),
  ADD KEY `fk_us_fr` (`id_fr`);

--
-- Indexes for table `iso`
--
ALTER TABLE `iso`
  ADD PRIMARY KEY (`id_iso`);

--
-- Indexes for table `log`
--
ALTER TABLE `log`
  ADD PRIMARY KEY (`id_log`);

--
-- Indexes for table `mapping_fr`
--
ALTER TABLE `mapping_fr`
  ADD PRIMARY KEY (`id_mapping_fr`),
  ADD KEY `fk_project_map1` (`id_project`),
  ADD KEY `fk_nfr_map1` (`id_nfr`),
  ADD KEY `fk_fr_map1` (`id_fr`);

--
-- Indexes for table `mapping_nfr`
--
ALTER TABLE `mapping_nfr`
  ADD PRIMARY KEY (`id_mapping_nfr`),
  ADD KEY `fk_project_nfr` (`id_project`),
  ADD KEY `fk_nfr_1` (`id_nfr1`),
  ADD KEY `fk_nfr_2` (`id_nfr2`);

--
-- Indexes for table `nfr`
--
ALTER TABLE `nfr`
  ADD PRIMARY KEY (`id_nfr`);

--
-- Indexes for table `nfr_decision`
--
ALTER TABLE `nfr_decision`
  ADD PRIMARY KEY (`id_decision`),
  ADD KEY `fk_project_dec` (`id_project`);

--
-- Indexes for table `nfr_list`
--
ALTER TABLE `nfr_list`
  ADD PRIMARY KEY (`id_nfr_list`),
  ADD KEY `fk_nfr` (`id_project`);

--
-- Indexes for table `nfr_user_story`
--
ALTER TABLE `nfr_user_story`
  ADD PRIMARY KEY (`id_us_nfr`),
  ADD KEY `fk_nus_project` (`id_project`),
  ADD KEY `fk_nfr_ufr` (`id_us_fr`);

--
-- Indexes for table `project`
--
ALTER TABLE `project`
  ADD PRIMARY KEY (`id_project`);

--
-- Indexes for table `system`
--
ALTER TABLE `system`
  ADD PRIMARY KEY (`id_system`);

--
-- Indexes for table `user`
--
ALTER TABLE `user`
  ADD PRIMARY KEY (`id_user`);

--
-- Indexes for table `user_token`
--
ALTER TABLE `user_token`
  ADD PRIMARY KEY (`id`);

--
-- Indexes for table `validation`
--
ALTER TABLE `validation`
  ADD PRIMARY KEY (`id_val`),
  ADD KEY `fk_project_val` (`id_project`),
  ADD KEY `fk_nfr_val` (`id_nfr`),
  ADD KEY `fk_quest_val` (`id_quest`);

--
-- Indexes for table `val_quest`
--
ALTER TABLE `val_quest`
  ADD PRIMARY KEY (`id_quest`),
  ADD KEY `fk_project_quest` (`id_project`);

--
-- AUTO_INCREMENT for dumped tables
--

--
-- AUTO_INCREMENT for table `categories`
--
ALTER TABLE `categories`
  MODIFY `id_cat` int(11) NOT NULL AUTO_INCREMENT, AUTO_INCREMENT=33;

--
-- AUTO_INCREMENT for table `domain`
--
ALTER TABLE `domain`
  MODIFY `id_domain` int(11) NOT NULL AUTO_INCREMENT, AUTO_INCREMENT=11;

--
-- AUTO_INCREMENT for table `fr`
--
ALTER TABLE `fr`
  MODIFY `id_fr` int(11) NOT NULL AUTO_INCREMENT, AUTO_INCREMENT=126;

--
-- AUTO_INCREMENT for table `fr_user_story`
--
ALTER TABLE `fr_user_story`
  MODIFY `id_us_fr` int(11) NOT NULL AUTO_INCREMENT, AUTO_INCREMENT=117;

--
-- AUTO_INCREMENT for table `iso`
--
ALTER TABLE `iso`
  MODIFY `id_iso` int(11) NOT NULL AUTO_INCREMENT, AUTO_INCREMENT=19;

--
-- AUTO_INCREMENT for table `log`
--
ALTER TABLE `log`
  MODIFY `id_log` int(11) NOT NULL AUTO_INCREMENT, AUTO_INCREMENT=1718;

--
-- AUTO_INCREMENT for table `mapping_fr`
--
ALTER TABLE `mapping_fr`
  MODIFY `id_mapping_fr` int(11) NOT NULL AUTO_INCREMENT, AUTO_INCREMENT=785;

--
-- AUTO_INCREMENT for table `mapping_nfr`
--
ALTER TABLE `mapping_nfr`
  MODIFY `id_mapping_nfr` int(11) NOT NULL AUTO_INCREMENT, AUTO_INCREMENT=1270;

--
-- AUTO_INCREMENT for table `nfr`
--
ALTER TABLE `nfr`
  MODIFY `id_nfr` int(11) NOT NULL AUTO_INCREMENT, AUTO_INCREMENT=73;

--
-- AUTO_INCREMENT for table `nfr_decision`
--
ALTER TABLE `nfr_decision`
  MODIFY `id_decision` int(11) NOT NULL AUTO_INCREMENT, AUTO_INCREMENT=67;

--
-- AUTO_INCREMENT for table `nfr_list`
--
ALTER TABLE `nfr_list`
  MODIFY `id_nfr_list` int(11) NOT NULL AUTO_INCREMENT, AUTO_INCREMENT=1510;

--
-- AUTO_INCREMENT for table `nfr_user_story`
--
ALTER TABLE `nfr_user_story`
  MODIFY `id_us_nfr` int(11) NOT NULL AUTO_INCREMENT, AUTO_INCREMENT=1853;

--
-- AUTO_INCREMENT for table `project`
--
ALTER TABLE `project`
  MODIFY `id_project` int(11) NOT NULL AUTO_INCREMENT, AUTO_INCREMENT=73;

--
-- AUTO_INCREMENT for table `system`
--
ALTER TABLE `system`
  MODIFY `id_system` int(11) NOT NULL AUTO_INCREMENT, AUTO_INCREMENT=9;

--
-- AUTO_INCREMENT for table `user`
--
ALTER TABLE `user`
  MODIFY `id_user` int(11) NOT NULL AUTO_INCREMENT, AUTO_INCREMENT=19;

--
-- AUTO_INCREMENT for table `user_token`
--
ALTER TABLE `user_token`
  MODIFY `id` int(11) NOT NULL AUTO_INCREMENT, AUTO_INCREMENT=22;

--
-- AUTO_INCREMENT for table `validation`
--
ALTER TABLE `validation`
  MODIFY `id_val` int(11) NOT NULL AUTO_INCREMENT, AUTO_INCREMENT=494;

--
-- AUTO_INCREMENT for table `val_quest`
--
ALTER TABLE `val_quest`
  MODIFY `id_quest` int(11) NOT NULL AUTO_INCREMENT, AUTO_INCREMENT=82;

--
-- Constraints for dumped tables
--

--
-- Constraints for table `categories`
--
ALTER TABLE `categories`
  ADD CONSTRAINT `fk_cat_project` FOREIGN KEY (`id_project`) REFERENCES `project` (`id_project`) ON DELETE CASCADE ON UPDATE CASCADE;

--
-- Constraints for table `fr`
--
ALTER TABLE `fr`
  ADD CONSTRAINT `fk_project_fr` FOREIGN KEY (`id_project`) REFERENCES `project` (`id_project`) ON DELETE CASCADE ON UPDATE CASCADE;

--
-- Constraints for table `fr_user_story`
--
ALTER TABLE `fr_user_story`
  ADD CONSTRAINT `fk_us_fr` FOREIGN KEY (`id_fr`) REFERENCES `fr` (`id_fr`) ON DELETE CASCADE ON UPDATE CASCADE,
  ADD CONSTRAINT `fk_us_project` FOREIGN KEY (`id_project`) REFERENCES `project` (`id_project`) ON DELETE CASCADE ON UPDATE CASCADE;

--
-- Constraints for table `mapping_fr`
--
ALTER TABLE `mapping_fr`
  ADD CONSTRAINT `fk_fr_map1` FOREIGN KEY (`id_fr`) REFERENCES `fr` (`id_fr`) ON DELETE CASCADE ON UPDATE CASCADE,
  ADD CONSTRAINT `fk_nfr_map1` FOREIGN KEY (`id_nfr`) REFERENCES `nfr_list` (`id_nfr_list`) ON DELETE CASCADE ON UPDATE CASCADE,
  ADD CONSTRAINT `fk_project_map1` FOREIGN KEY (`id_project`) REFERENCES `project` (`id_project`) ON DELETE CASCADE ON UPDATE CASCADE;

--
-- Constraints for table `mapping_nfr`
--
ALTER TABLE `mapping_nfr`
  ADD CONSTRAINT `fk_nfr_1` FOREIGN KEY (`id_nfr1`) REFERENCES `nfr_list` (`id_nfr_list`) ON DELETE CASCADE ON UPDATE CASCADE,
  ADD CONSTRAINT `fk_nfr_2` FOREIGN KEY (`id_nfr2`) REFERENCES `nfr_list` (`id_nfr_list`) ON DELETE CASCADE ON UPDATE CASCADE,
  ADD CONSTRAINT `fk_project_nfr` FOREIGN KEY (`id_project`) REFERENCES `project` (`id_project`) ON DELETE CASCADE ON UPDATE CASCADE;

--
-- Constraints for table `nfr_decision`
--
ALTER TABLE `nfr_decision`
  ADD CONSTRAINT `fk_project_dec` FOREIGN KEY (`id_project`) REFERENCES `project` (`id_project`) ON DELETE CASCADE ON UPDATE CASCADE;

--
-- Constraints for table `nfr_list`
--
ALTER TABLE `nfr_list`
  ADD CONSTRAINT `fk_nfr` FOREIGN KEY (`id_project`) REFERENCES `project` (`id_project`) ON DELETE CASCADE ON UPDATE CASCADE;

--
-- Constraints for table `nfr_user_story`
--
ALTER TABLE `nfr_user_story`
  ADD CONSTRAINT `fk_nfr_ufr` FOREIGN KEY (`id_us_fr`) REFERENCES `fr_user_story` (`id_us_fr`) ON DELETE CASCADE ON UPDATE CASCADE,
  ADD CONSTRAINT `fk_nus_project` FOREIGN KEY (`id_project`) REFERENCES `project` (`id_project`) ON DELETE CASCADE ON UPDATE CASCADE;

--
-- Constraints for table `validation`
--
ALTER TABLE `validation`
  ADD CONSTRAINT `fk_nfr_val` FOREIGN KEY (`id_nfr`) REFERENCES `nfr_list` (`id_nfr_list`) ON DELETE CASCADE ON UPDATE CASCADE,
  ADD CONSTRAINT `fk_project_val` FOREIGN KEY (`id_project`) REFERENCES `project` (`id_project`) ON DELETE CASCADE ON UPDATE CASCADE,
  ADD CONSTRAINT `fk_quest_val` FOREIGN KEY (`id_quest`) REFERENCES `val_quest` (`id_quest`) ON DELETE CASCADE ON UPDATE CASCADE;

--
-- Constraints for table `val_quest`
--
ALTER TABLE `val_quest`
  ADD CONSTRAINT `fk_project_quest` FOREIGN KEY (`id_project`) REFERENCES `project` (`id_project`) ON DELETE CASCADE ON UPDATE CASCADE;
COMMIT;

/*!40101 SET CHARACTER_SET_CLIENT=@OLD_CHARACTER_SET_CLIENT */;
/*!40101 SET CHARACTER_SET_RESULTS=@OLD_CHARACTER_SET_RESULTS */;
/*!40101 SET COLLATION_CONNECTION=@OLD_COLLATION_CONNECTION */;
